seed,encoding,epoch,train_log_loss,val_log_loss,train_accuracy,val_accuracy,elapsed_seconds
0,AngleEmbedding,0,1.3794556194678156,1.4080550078741507,0.5166666666666667,0.49,0.0335570250172168
0,AngleEmbedding,1,1.3212297739351573,1.323989519322396,0.56,0.57,0.07937198498984799
0,AngleEmbedding,2,1.238395590473757,1.2386584292149423,0.5833333333333334,0.61,0.1240659260074608
0,AngleEmbedding,3,1.1407318850235393,1.1364086549066061,0.62,0.63,0.17872601200360805
0,AngleEmbedding,4,1.0311356703341863,1.0274149689797338,0.6333333333333333,0.65,0.22819794999668375
0,AngleEmbedding,5,0.919293318583266,0.9216099895571426,0.6466666666666666,0.66,0.27279145998181775
0,AngleEmbedding,6,0.8189300149468745,0.8265659924998343,0.6666666666666666,0.65,0.3214558199979365
0,AngleEmbedding,7,0.7380942159118227,0.7479430390810441,0.6666666666666666,0.67,0.39440851897234097
0,AngleEmbedding,8,0.6757443953335412,0.6857437782694276,0.6966666666666667,0.69,0.45226420497056097
0,AngleEmbedding,9,0.6266917457982939,0.6357894020223244,0.7166666666666667,0.69,0.5068582909880206
0,AngleEmbedding,10,0.5865293082743412,0.5940124831585071,0.7366666666666667,0.7,0.5542230239952914
0,AngleEmbedding,11,0.5531782734795342,0.5584832288117624,0.74,0.71,0.6040543169947341
0,AngleEmbedding,12,0.5259923549530428,0.5287538581396523,0.74,0.7,0.6424878700054251
0,AngleEmbedding,13,0.504061203573574,0.5041355973245136,0.75,0.74,0.6801906210021116
0,AngleEmbedding,14,0.48575830067701514,0.48309795023752805,0.76,0.77,0.721584236016497
0,AngleEmbedding,15,0.4696911892781548,0.4642100141710033,0.7766666666666666,0.8,0.7639340509776957
0,AngleEmbedding,16,0.45482455224215085,0.44639563386727055,0.79,0.83,0.8038113620132208
0,AngleEmbedding,17,0.44028932265907256,0.42881845999417223,0.82,0.87,0.8441066130180843
0,AngleEmbedding,18,0.4257113655274459,0.4112122621994898,0.8366666666666667,0.88,0.8822446530102752
0,AngleEmbedding,19,0.41158502424416177,0.3941856745029268,0.8433333333333334,0.89,0.9337579389684834
0,AngleEmbedding,20,0.3992047226961987,0.37905830105187666,0.8566666666666667,0.89,0.982041377981659
0,AngleEmbedding,21,0.39007692224196355,0.3672501996616402,0.8633333333333333,0.88,1.0299565449822694
0,AngleEmbedding,22,0.3849371154069831,0.3594207607910203,0.8633333333333333,0.88,1.082327488984447
0,AngleEmbedding,23,0.3828603148725721,0.35475553390459114,0.8633333333333333,0.87,1.1314968909719028
0,AngleEmbedding,24,0.38154688997630287,0.3512293582236591,0.8433333333333334,0.84,1.1765795039827935
0,AngleEmbedding,25,0.3790374443364762,0.34706069392892586,0.84,0.84,1.2307154769659974
0,AngleEmbedding,26,0.37500531541629056,0.3418752229532375,0.8533333333333334,0.84,1.3166552530019544
0,AngleEmbedding,27,0.37055074042629293,0.3366051580610661,0.8633333333333333,0.86,1.4010617950116284
0,AngleEmbedding,28,0.36719255094550834,0.3326031138466366,0.8666666666666667,0.87,1.463455379998777
0,AngleEmbedding,29,0.36577939484644456,0.3306197087145233,0.87,0.88,1.5328330979682505
0,AngleEmbedding,30,0.36583173267592023,0.330185089911935,0.86,0.9,1.6246007470181212
0,AngleEmbedding,31,0.36593061036369967,0.32996890327571404,0.8666666666666667,0.9,1.7342567829764448
0,AngleEmbedding,32,0.36500541791400615,0.32894212969309394,0.8666666666666667,0.89,1.8296308239805512
0,AngleEmbedding,33,0.36313454141702006,0.3270972170961394,0.8666666666666667,0.89,1.8830993570154533
0,AngleEmbedding,34,0.3611825216361804,0.3251546373992391,0.8666666666666667,0.86,1.9301199530018494
0,AngleEmbedding,35,0.3599400123729536,0.3238442953954845,0.8633333333333333,0.84,1.9763307289686054
0,AngleEmbedding,36,0.35950287320512747,0.32338512818362725,0.8566666666666667,0.84,2.022728812007699
0,AngleEmbedding,37,0.3592874946193459,0.32346213831598797,0.8533333333333334,0.85,2.06479059898993
0,AngleEmbedding,38,0.35864458370731916,0.3236452302181142,0.8533333333333334,0.85,2.1073820460005663
0,AngleEmbedding,39,0.3574253385928127,0.32380078111511706,0.85,0.84,2.1561085779685527
0,AngleEmbedding,40,0.35599057063283956,0.3241342135137689,0.8566666666666667,0.84,2.2039518679957837
0,AngleEmbedding,41,0.3548504642903938,0.3249386416990784,0.8566666666666667,0.84,2.2466763670090586
0,AngleEmbedding,42,0.35428076274444664,0.32630060747683276,0.8633333333333333,0.84,2.288009459967725
0,AngleEmbedding,43,0.3541566062649037,0.3279827394603606,0.8633333333333333,0.84,2.332896809966769
0,AngleEmbedding,44,0.354116061825632,0.3295826312085483,0.8633333333333333,0.84,2.3900112329865806
0,AngleEmbedding,45,0.35389690503063964,0.33083354201939963,0.8633333333333333,0.84,2.4334118450060487
0,AngleEmbedding,46,0.35352522478479664,0.33176626347178667,0.8633333333333333,0.84,2.4765679899719544
0,AngleEmbedding,47,0.35321375107719866,0.3326021048019146,0.8666666666666667,0.84,2.520764267013874
0,AngleEmbedding,48,0.3531222311190311,0.33351107182301504,0.8566666666666667,0.83,2.5618517629918642
0,AngleEmbedding,49,0.35321205643070147,0.3344582130976327,0.8533333333333334,0.84,2.6127214820007794
0,AngleEmbedding,50,0.35329252312603293,0.33524751592318147,0.8533333333333334,0.83,2.6687797689810395
0,AngleEmbedding,51,0.3531840496755543,0.3356948453449924,0.8533333333333334,0.83,2.7271294809761457
0,AngleEmbedding,52,0.3528485139990866,0.33576915071364,0.8533333333333334,0.83,2.780842189968098
0,AngleEmbedding,53,0.3523928086086531,0.3355968631560926,0.8533333333333334,0.83,2.818714765016921
0,AngleEmbedding,54,0.35196706381699805,0.3353499952401871,0.8533333333333334,0.82,2.869684161967598
0,AngleEmbedding,55,0.35164979183025646,0.3351185817996965,0.86,0.82,2.9316512100049295
0,AngleEmbedding,56,0.3514055290069424,0.33486520588305785,0.8633333333333333,0.83,3.003338773967698
0,AngleEmbedding,57,0.3511415735711068,0.33449172190571425,0.8633333333333333,0.84,3.0668343279976398
0,AngleEmbedding,58,0.3508095766264695,0.3339550371042879,0.8633333333333333,0.84,3.1344234559801407
0,AngleEmbedding,59,0.35045263740273935,0.3333245359646274,0.86,0.83,3.1951983369654045
0,AngleEmbedding,60,0.3501527339052573,0.3327338611633721,0.85,0.83,3.2454136529704556
0,AngleEmbedding,61,0.34994145481768757,0.33228553144605316,0.8466666666666667,0.84,3.29485783301061
0,AngleEmbedding,62,0.3497729520002913,0.33200273545296866,0.8466666666666667,0.84,3.3443694569868967
0,AngleEmbedding,63,0.34958176389456375,0.33185897337758014,0.8433333333333334,0.84,3.3876540749915875
0,AngleEmbedding,64,0.34935457333493963,0.3318330860436807,0.84,0.84,3.4287932540173642
0,AngleEmbedding,65,0.34913890683809684,0.33192414912310136,0.84,0.84,3.4711737040197477
0,AngleEmbedding,66,0.34898625183262993,0.33211940909945226,0.84,0.84,3.5152293060091324
0,AngleEmbedding,67,0.34889672426046114,0.3323665242851551,0.8433333333333334,0.84,3.556826526997611
0,AngleEmbedding,68,0.34882659539856975,0.3325953930374724,0.84,0.84,3.598524974018801
0,AngleEmbedding,69,0.348743815042924,0.3327712778531902,0.84,0.84,3.639015844964888
0,AngleEmbedding,70,0.3486606692755064,0.3329173723237656,0.8366666666666667,0.84,3.68198436696548
0,AngleEmbedding,71,0.34860816789430943,0.33308016633316506,0.8366666666666667,0.84,3.7228400749736466
0,AngleEmbedding,72,0.3485915926480056,0.3332785988113926,0.8366666666666667,0.84,3.7628371649770997
0,AngleEmbedding,73,0.3485824436391113,0.33349132853071667,0.8366666666666667,0.84,3.806118003965821
0,AngleEmbedding,74,0.3485505519922295,0.33368672959596707,0.8366666666666667,0.84,3.8574658519937657
0,AngleEmbedding,75,0.34849401444434375,0.3338539228965072,0.8366666666666667,0.84,3.9106563749955967
0,AngleEmbedding,76,0.34843387511191043,0.3340007643531219,0.8366666666666667,0.84,3.9541021899785846
0,AngleEmbedding,77,0.34838472692334566,0.3341284677492277,0.8366666666666667,0.84,3.9914163990179077
0,AngleEmbedding,78,0.3483385143054149,0.33421875167975407,0.8366666666666667,0.84,4.029290018021129
0,AngleEmbedding,79,0.3482793079706346,0.3342504184387096,0.84,0.84,4.067762654973194
0,AngleEmbedding,80,0.34820689788243175,0.33422383739988953,0.84,0.84,4.1115482010063715
0,AngleEmbedding,81,0.3481377383860007,0.33416288376939124,0.84,0.84,4.150133404007647
0,AngleEmbedding,82,0.34808422659347193,0.33409428685386233,0.8366666666666667,0.84,4.1901254749973305
0,AngleEmbedding,83,0.3480413352733628,0.3340311050871908,0.84,0.84,4.237428029009607
0,AngleEmbedding,84,0.3479965893199941,0.33397622818809436,0.8433333333333334,0.84,4.352684098004829
0,AngleEmbedding,85,0.34794740569637544,0.33393316829791986,0.8433333333333334,0.84,4.394634590018541
0,AngleEmbedding,86,0.3479025383577191,0.33390495559763617,0.8466666666666667,0.84,4.430583478999324
0,AngleEmbedding,87,0.34786786542928655,0.3338831845451564,0.8466666666666667,0.84,4.468306317983661
0,AngleEmbedding,88,0.34783754938936046,0.333846452152247,0.8466666666666667,0.84,4.508120762009639
0,AngleEmbedding,89,0.3478024119255161,0.3337761293722973,0.8466666666666667,0.84,4.547143072006293
0,AngleEmbedding,90,0.3477621343032035,0.3336730391464783,0.8466666666666667,0.84,4.584098873019684
0,AngleEmbedding,91,0.347723531006062,0.333556014065399,0.8466666666666667,0.84,4.62628083396703
0,AngleEmbedding,92,0.3476891710062781,0.33344615710167597,0.8466666666666667,0.84,4.670023043989204
0,AngleEmbedding,93,0.34765415318026527,0.3333556404537601,0.8466666666666667,0.84,4.725236341007985
0,AngleEmbedding,94,0.3476145408134773,0.3332882881681399,0.8466666666666667,0.84,4.777867253986187
0,AngleEmbedding,95,0.347573365934197,0.33324248141476515,0.8466666666666667,0.84,4.8279895189916715
0,AngleEmbedding,96,0.34753557379511185,0.3332095507045365,0.8466666666666667,0.84,4.878556141979061
0,AngleEmbedding,97,0.34750084316321067,0.3331741556796042,0.8466666666666667,0.84,4.931116096966434
0,AngleEmbedding,98,0.34746536429265906,0.33312326637807177,0.8466666666666667,0.84,4.9959271409898065
0,AngleEmbedding,99,0.3474286312735745,0.3330565731387416,0.8466666666666667,0.84,5.045498293009587
0,AngleEmbedding,100,0.3473939923970463,0.33298625486446837,0.8466666666666667,0.84,5.091671950009186
0,BasisEmbedding,0,4.035977111460375,4.254173695133676,0.32666666666666666,0.29,0.127991640008986
0,BasisEmbedding,1,3.1261130683306884,3.295433673885758,0.32666666666666666,0.29,0.24719390098471195
0,BasisEmbedding,2,2.554196658065427,2.6932526784815076,0.32666666666666666,0.29,0.381086379988119
0,BasisEmbedding,3,2.161408921775688,2.2794875049262795,0.32666666666666666,0.29,0.521636589022819
0,BasisEmbedding,4,1.8695717684475373,1.9716777839906008,0.32666666666666666,0.29,0.6941231709788553
0,BasisEmbedding,5,1.6445532524553808,1.7339711378028932,0.32666666666666666,0.29,0.8565334960003383
0,BasisEmbedding,6,1.4646635984979128,1.54362927210474,0.32666666666666666,0.29,1.0576566770323552
0,BasisEmbedding,7,1.3169444590723585,1.3869917703926524,0.32666666666666666,0.29,1.1851522130309604
0,BasisEmbedding,8,1.1946902840076874,1.2570058349483926,0.32666666666666666,0.29,1.3970011770143174
0,BasisEmbedding,9,1.0926866074860326,1.1482013309142152,0.32666666666666666,0.29,1.5926685290178284
0,BasisEmbedding,10,1.0062802839190776,1.0556734792637075,0.32666666666666666,0.29,1.7293726979987696
0,BasisEmbedding,11,0.9323881013840558,0.9761982066962953,0.32666666666666666,0.29,1.8556987359770574
0,BasisEmbedding,12,0.8691629718772951,0.9078871640811655,0.32666666666666666,0.29,1.985061431012582
0,BasisEmbedding,13,0.815004097864715,0.8490840914942595,0.32666666666666666,0.29,2.102364281017799
0,BasisEmbedding,14,0.768322197645417,0.7980792342092795,0.32666666666666666,0.29,2.2407000249950215
0,BasisEmbedding,15,0.7278649411111725,0.7535069068427314,0.32666666666666666,0.29,2.358488465019036
0,BasisEmbedding,16,0.692794376520208,0.7144987415179781,0.32666666666666666,0.29,2.5552653900231235
0,BasisEmbedding,17,0.6624355360575923,0.6804228502465207,0.58,0.58,2.773670876980759
0,BasisEmbedding,18,0.6360957745114362,0.6506347526382521,0.82,0.83,2.957517196016852
0,BasisEmbedding,19,0.6131534695906172,0.6245126838931283,0.82,0.83,3.116355004021898
0,BasisEmbedding,20,0.593162146759898,0.6015675580539235,0.82,0.83,3.25360025302507
0,BasisEmbedding,21,0.5757801664264203,0.5813905144046443,0.82,0.83,3.393426040012855
0,BasisEmbedding,22,0.5606690760855575,0.5635654636925238,0.82,0.83,3.5776429409743287
0,BasisEmbedding,23,0.5474901573640997,0.5476939356880758,0.82,0.83,3.7551623979816213
0,BasisEmbedding,24,0.535962347875901,0.5334802205637886,0.82,0.83,4.049641117977444
0,BasisEmbedding,25,0.5258836601525282,0.520761308353966,0.82,0.83,4.177915223001037
0,BasisEmbedding,26,0.5170942784833172,0.5094512617204078,0.82,0.83,4.314601373975165
0,BasisEmbedding,27,0.5094386818989205,0.4994573674037164,0.82,0.83,4.444167761015706
0,BasisEmbedding,28,0.5027659614886243,0.4906398034195996,0.82,0.83,4.561869332974311
0,BasisEmbedding,29,0.49694724419521624,0.48282506554814153,0.82,0.83,4.683784644003026
0,BasisEmbedding,30,0.491881215516615,0.4758373209515996,0.82,0.83,4.80185727000935
0,BasisEmbedding,31,0.48748761713919103,0.46953088948629573,0.82,0.83,4.920424438023474
0,BasisEmbedding,32,0.48369961727093397,0.4638162276459174,0.82,0.83,5.039119541994296
0,BasisEmbedding,33,0.4804551437233469,0.45865925479705133,0.82,0.83,5.170592632028274
0,BasisEmbedding,34,0.477689003934937,0.45405417228932005,0.82,0.83,5.286347304994706
0,BasisEmbedding,35,0.475335200074866,0.4499905231651071,0.82,0.83,5.385298537032213
0,BasisEmbedding,36,0.4733373526381359,0.4464311176982886,0.82,0.83,5.490267771005165
0,BasisEmbedding,37,0.47165202500662246,0.4433069039081122,0.82,0.83,5.599624469992705
0,BasisEmbedding,38,0.4702415914949897,0.44052908422519654,0.82,0.83,5.7073265700018965
0,BasisEmbedding,39,0.4690692962608326,0.4380180722920302,0.82,0.83,5.805649571993854
0,BasisEmbedding,40,0.46810162271867484,0.43573374710862445,0.82,0.83,5.91989757103147
0,BasisEmbedding,41,0.4673098620081902,0.4336815096559685,0.82,0.83,6.037717353028711
0,BasisEmbedding,42,0.46666741132215456,0.43189069750855624,0.82,0.83,6.1449764060089365
0,BasisEmbedding,43,0.4661486064484054,0.43038349423829453,0.82,0.83,6.249615612032358
0,BasisEmbedding,44,0.4657313121464913,0.4291530133353939,0.82,0.83,6.353721569990739
0,BasisEmbedding,45,0.46539825681135616,0.4281593496912046,0.82,0.83,6.462980536976829
0,BasisEmbedding,46,0.4651348445243352,0.42734237741121184,0.82,0.83,6.577978910994716
0,BasisEmbedding,47,0.46492740793080223,0.4266452372408493,0.82,0.83,6.680179197981488
0,BasisEmbedding,48,0.4647642735673593,0.4260369763881359,0.82,0.83,6.782540632004384
0,BasisEmbedding,49,0.4646368573281171,0.42552003164720326,0.82,0.83,6.887834109016694
0,BasisEmbedding,50,0.46453860093820726,0.42511856324703073,0.82,0.83,7.118616342020687
0,BasisEmbedding,51,0.46446362440477285,0.42485722510317053,0.82,0.83,7.211868455982767
0,BasisEmbedding,52,0.4644069964026599,0.4247434818997746,0.82,0.83,7.341293424018659
0,BasisEmbedding,53,0.4643654462688402,0.4247614254346508,0.82,0.83,7.443261224019807
0,BasisEmbedding,54,0.4643369042702016,0.4248775658755028,0.82,0.83,7.550183971005026
0,BasisEmbedding,55,0.46431953216520827,0.4250540081904694,0.82,0.83,7.703149120032322
0,BasisEmbedding,56,0.4643115608392933,0.42526216535140643,0.82,0.83,7.829116385022644
0,BasisEmbedding,57,0.4643116743516555,0.42549010683865823,0.82,0.83,7.982064459007233
0,BasisEmbedding,58,0.46431891539649467,0.4257403457753096,0.82,0.83,8.091689765977208
0,BasisEmbedding,59,0.46433210649722034,0.4260206882193641,0.82,0.83,8.2274410109967
0,BasisEmbedding,60,0.4643495844383643,0.4263340287892484,0.82,0.83,8.338648710981943
0,BasisEmbedding,61,0.4643694886378311,0.42667209691225316,0.82,0.83,8.447370962006971
0,BasisEmbedding,62,0.46439006689275497,0.42701507459659543,0.82,0.83,8.57956737902714
0,BasisEmbedding,63,0.46440963034841454,0.4273361901847601,0.82,0.83,8.702850552974269
0,BasisEmbedding,64,0.46442643223835517,0.4276089550611988,0.82,0.83,8.812739436980337
0,BasisEmbedding,65,0.46443883580715756,0.42781424322253464,0.82,0.83,8.914324234996457
0,BasisEmbedding,66,0.4644456659348901,0.4279445835808041,0.82,0.83,9.028119417023845
0,BasisEmbedding,67,0.46444638405030747,0.42800419801219225,0.82,0.83,9.14848464197712
0,BasisEmbedding,68,0.464441005937348,0.4280052478416486,0.82,0.83,9.262725266977213
0,BasisEmbedding,69,0.46442999748705255,0.42796232207511403,0.82,0.83,9.380196180019993
0,BasisEmbedding,70,0.46441427215872255,0.4278876102255081,0.82,0.83,9.54926932399394
0,BasisEmbedding,71,0.46439513344334016,0.42778857572454904,0.82,0.83,9.686905783019029
0,BasisEmbedding,72,0.4643740554628867,0.42766879269128316,0.82,0.83,9.82198382000206
0,BasisEmbedding,73,0.4643524756474163,0.4275312209768286,0.82,0.83,9.94357632700121
0,BasisEmbedding,74,0.4643317697391499,0.4273818081484806,0.82,0.83,10.061864569026511
0,BasisEmbedding,75,0.46431327752986135,0.4272307207168673,0.82,0.83,10.185924700985197
0,BasisEmbedding,76,0.4642981734222935,0.4270896666485486,0.82,0.83,10.41529774502851
0,BasisEmbedding,77,0.4642872481025758,0.4269663579463661,0.82,0.83,10.552861405012663
0,BasisEmbedding,78,0.4642807883185903,0.42685943410464683,0.82,0.83,10.664660202979576
0,BasisEmbedding,79,0.4642785475539286,0.42675749095011384,0.82,0.83,10.79045163700357
0,BasisEmbedding,80,0.4642797529936424,0.42664389996966484,0.82,0.83,10.89905946602812
0,BasisEmbedding,81,0.4642832740490496,0.4265057366336066,0.82,0.83,11.00576477398863
0,BasisEmbedding,82,0.46428797446240794,0.4263421019707709,0.82,0.83,11.116677390993573
0,BasisEmbedding,83,0.464292954716891,0.42616672104596653,0.82,0.83,11.230717463011388
0,BasisEmbedding,84,0.4642975079808974,0.4260029918594761,0.82,0.83,11.352027693006676
0,BasisEmbedding,85,0.4643010114745375,0.42587447792389743,0.82,0.83,11.46551956498297
0,BasisEmbedding,86,0.4643029589282573,0.42579645436023306,0.82,0.83,11.622278611990623
0,BasisEmbedding,87,0.46430305744701306,0.4257728184534944,0.82,0.83,11.748379081021994
0,BasisEmbedding,88,0.46430130721553153,0.42579879192528286,0.82,0.83,11.870453677023761
0,BasisEmbedding,89,0.46429806205141705,0.42586614606151074,0.82,0.83,11.988672095991205
0,BasisEmbedding,90,0.4642939688519027,0.42596663073836544,0.82,0.83,12.110810289974324
0,BasisEmbedding,91,0.4642897308614757,0.42609160659958606,0.82,0.83,12.235562123009004
0,BasisEmbedding,92,0.46428587792191345,0.42622958469240757,0.82,0.83,12.349518803996034
0,BasisEmbedding,93,0.4642827106626817,0.4263652477339244,0.82,0.83,12.556578603980597
0,BasisEmbedding,94,0.46428035369382636,0.42648218225119955,0.82,0.83,12.750230589997955
0,BasisEmbedding,95,0.46427882055808195,0.42656838481921583,0.82,0.83,12.871754183026496
0,BasisEmbedding,96,0.4642780779604195,0.4266211074259428,0.82,0.83,13.015651548979804
0,BasisEmbedding,97,0.4642780650833286,0.4266476102992561,0.82,0.83,13.144201960007194
0,BasisEmbedding,98,0.4642786461702675,0.42666102477915396,0.82,0.83,13.269719297997653
0,BasisEmbedding,99,0.46427958995105506,0.42667382718401453,0.82,0.83,13.430897930986248
0,BasisEmbedding,100,0.4642806299643528,0.4266928129171044,0.82,0.83,13.549566523986869
0,AmplitudeEmbedding,0,0.7796030398364829,0.7459906789528469,0.5033333333333333,0.48,0.04263476101914421
0,AmplitudeEmbedding,1,0.7317214038921918,0.6922783145461948,0.52,0.49,0.1008119520265609
0,AmplitudeEmbedding,2,0.6940758245454852,0.6471408165524699,0.5533333333333333,0.53,0.15694009000435472
0,AmplitudeEmbedding,3,0.6688500806827897,0.6116098751211574,0.6066666666666667,0.59,0.1991362440166995
0,AmplitudeEmbedding,4,0.6406647060831744,0.586844058858908,0.6733333333333333,0.65,0.23875902901636437
0,AmplitudeEmbedding,5,0.6107505985438466,0.5675086520524886,0.7133333333333334,0.72,0.27704410802107304
0,AmplitudeEmbedding,6,0.5850576816126416,0.5509489344661506,0.7466666666666667,0.73,0.3161020030383952
0,AmplitudeEmbedding,7,0.5617699847252879,0.5346794507511172,0.7466666666666667,0.75,0.36076275003142655
0,AmplitudeEmbedding,8,0.5394621792644535,0.5168789818921244,0.7666666666666667,0.76,0.40091824904084206
0,AmplitudeEmbedding,9,0.5183689704300838,0.49804201613018195,0.7933333333333333,0.78,0.4349862560047768
0,AmplitudeEmbedding,10,0.4997398632978669,0.48002690837325135,0.79,0.8,0.47155157499946654
0,AmplitudeEmbedding,11,0.4846986121814163,0.4646327761556538,0.79,0.81,0.5116415820084512
0,AmplitudeEmbedding,12,0.47347807371108636,0.4527542912031253,0.7966666666666666,0.82,0.6488051420310512
0,AmplitudeEmbedding,13,0.46488483196740354,0.44402718810488273,0.8066666666666666,0.82,0.6844024360179901
0,AmplitudeEmbedding,14,0.4578620657611064,0.43819694931392966,0.8066666666666666,0.82,0.7244723819894716
0,AmplitudeEmbedding,15,0.45278721489128465,0.4358867193626149,0.7933333333333333,0.81,0.7742189600248821
0,AmplitudeEmbedding,16,0.45004454692988627,0.4366937304661399,0.79,0.81,0.8172817830345593
0,AmplitudeEmbedding,17,0.4485581375310092,0.4376828920788778,0.7866666666666666,0.81,0.861480500025209
0,AmplitudeEmbedding,18,0.44681319580115236,0.43587818728959893,0.78,0.81,0.902752161026001
0,AmplitudeEmbedding,19,0.4443994174755837,0.43089801767703195,0.78,0.81,0.9455956780002452
0,AmplitudeEmbedding,20,0.44160116744780054,0.4237971369772256,0.7866666666666666,0.81,1.013304776046425
0,AmplitudeEmbedding,21,0.4389387254849643,0.41596177343086266,0.7933333333333333,0.82,1.0762243950157426
0,AmplitudeEmbedding,22,0.4369017881147542,0.4087252516200403,0.8,0.81,1.1503053740016185
0,AmplitudeEmbedding,23,0.43569983152971503,0.4029706133676184,0.8133333333333334,0.82,1.187292418035213
0,AmplitudeEmbedding,24,0.4350270801337228,0.39899991404498797,0.82,0.82,1.223069548024796
0,AmplitudeEmbedding,25,0.43403679087992797,0.396633367856328,0.83,0.82,1.2652528840117157
0,AmplitudeEmbedding,26,0.4319422525498402,0.39556809661675324,0.8333333333333334,0.83,1.3041883120313287
0,AmplitudeEmbedding,27,0.4288773762786366,0.39565436511671054,0.8333333333333334,0.83,1.3439481499954127
0,AmplitudeEmbedding,28,0.4258292290504581,0.39663086948511667,0.84,0.84,1.3839546010131016
0,AmplitudeEmbedding,29,0.4232949918214424,0.39745562613276364,0.84,0.85,1.421081333013717
0,AmplitudeEmbedding,30,0.42076891337046674,0.39661093170916734,0.84,0.85,1.4594518290250562
0,AmplitudeEmbedding,31,0.4178844292621072,0.3935727962073118,0.84,0.84,1.4972921670414507
0,AmplitudeEmbedding,32,0.4151148152976708,0.38929490566745883,0.8333333333333334,0.84,1.5365039570024237
0,AmplitudeEmbedding,33,0.4132780406245481,0.38534285268670443,0.8266666666666667,0.85,1.576261529000476
0,AmplitudeEmbedding,34,0.41276455728826095,0.3828081203075051,0.82,0.85,1.6125321990111843
0,AmplitudeEmbedding,35,0.41300280685800095,0.3815504955200997,0.82,0.85,1.651441385038197
0,AmplitudeEmbedding,36,0.41283974035101567,0.38045682010392773,0.8333333333333334,0.84,1.686969152011443
0,AmplitudeEmbedding,37,0.4117362660469848,0.37878370069863165,0.8333333333333334,0.85,1.7242988660000265
0,AmplitudeEmbedding,38,0.4102171953382002,0.37687486661032815,0.8466666666666667,0.85,1.7618758929893374
0,AmplitudeEmbedding,39,0.4090505602904061,0.3754141768780464,0.85,0.86,1.7990750269964337
0,AmplitudeEmbedding,40,0.4083345802115541,0.3744498930265894,0.8466666666666667,0.86,1.8376634400337934
0,AmplitudeEmbedding,41,0.40758670027962324,0.37340958721093803,0.8466666666666667,0.85,1.875300188024994
0,AmplitudeEmbedding,42,0.4064938657461224,0.37181873955343003,0.8466666666666667,0.85,1.9146593150217086
0,AmplitudeEmbedding,43,0.40519778036401366,0.3696554812970787,0.8466666666666667,0.85,1.9534126410144381
0,AmplitudeEmbedding,44,0.40405567260561825,0.3672438758890134,0.8466666666666667,0.84,1.9908331130282022
0,AmplitudeEmbedding,45,0.4033232042650075,0.3650074094887706,0.8433333333333334,0.85,2.0265039000078104
0,AmplitudeEmbedding,46,0.40294502834989987,0.36319475421496156,0.84,0.85,2.069927975011524
0,AmplitudeEmbedding,47,0.40261868611327317,0.361781344940406,0.84,0.85,2.107282038021367
0,AmplitudeEmbedding,48,0.4021099426986361,0.36066112146355955,0.84,0.85,2.140679784002714
0,AmplitudeEmbedding,49,0.40145001719652224,0.35985419952830433,0.8433333333333334,0.84,2.18337727204198
0,AmplitudeEmbedding,50,0.4008367847231149,0.35949043198069297,0.8433333333333334,0.84,2.2314908200060017
0,AmplitudeEmbedding,51,0.4004242157925592,0.35964786078548383,0.8433333333333334,0.84,2.27345034602331
0,AmplitudeEmbedding,52,0.4002020680942045,0.36021796028037883,0.8433333333333334,0.84,2.3138671180349775
0,AmplitudeEmbedding,53,0.4000371200255589,0.36091059222095034,0.8466666666666667,0.84,2.3565547720063478
0,AmplitudeEmbedding,54,0.3998046141431532,0.3613878615847485,0.8466666666666667,0.84,2.398859373992309
0,AmplitudeEmbedding,55,0.39947017711715344,0.3614021476166872,0.8433333333333334,0.84,2.4457140900194645
0,AmplitudeEmbedding,56,0.39907596221561087,0.36085595144447036,0.8433333333333334,0.84,2.4856831959914416
0,AmplitudeEmbedding,57,0.3986906503643308,0.35980330511404335,0.8433333333333334,0.84,2.555520646041259
0,AmplitudeEmbedding,58,0.39837116720364096,0.35841963807048055,0.8466666666666667,0.84,2.6069991789991036
0,AmplitudeEmbedding,59,0.39814101356763915,0.356945192778984,0.8466666666666667,0.84,2.6481072870083153
0,AmplitudeEmbedding,60,0.39798521254750435,0.3556205262835753,0.8466666666666667,0.84,2.6895879420335405
0,AmplitudeEmbedding,61,0.39786320916887474,0.35463805597555664,0.8466666666666667,0.85,2.7275539510301314
0,AmplitudeEmbedding,62,0.39773269511604736,0.35411663876813276,0.8466666666666667,0.85,2.771119818033185
0,AmplitudeEmbedding,63,0.3975731992250565,0.3540935453962195,0.8533333333333334,0.85,2.8114522590185516
0,AmplitudeEmbedding,64,0.39739751657457495,0.35452468413382254,0.8533333333333334,0.85,2.856314189033583
0,AmplitudeEmbedding,65,0.39724131252478695,0.35528531835239646,0.8533333333333334,0.85,2.895020983996801
0,AmplitudeEmbedding,66,0.3971335888905861,0.35617380249968683,0.85,0.84,2.9350775930215605
0,AmplitudeEmbedding,67,0.3970687410041228,0.35693614008956287,0.8466666666666667,0.84,2.976941347005777
0,AmplitudeEmbedding,68,0.3970077734471269,0.3573316023075865,0.8466666666666667,0.84,3.0171247129910626
0,AmplitudeEmbedding,69,0.3969144922810454,0.3572291060958581,0.8466666666666667,0.84,3.0600136360153556
0,AmplitudeEmbedding,70,0.39679217935475436,0.3566760677589139,0.8466666666666667,0.84,3.099236665002536
0,AmplitudeEmbedding,71,0.39667808479518885,0.3558801166234344,0.85,0.84,3.1381314520258456
0,AmplitudeEmbedding,72,0.39660096145843243,0.35511096376959655,0.85,0.84,3.187127117009368
0,AmplitudeEmbedding,73,0.39655252141654257,0.35459154718243324,0.8533333333333334,0.85,3.2320772589882836
0,AmplitudeEmbedding,74,0.3965044588381134,0.3544388811643202,0.8533333333333334,0.85,3.2717722170054913
0,AmplitudeEmbedding,75,0.39644418009577576,0.3546579683475906,0.8533333333333334,0.85,3.311500429001171
0,AmplitudeEmbedding,76,0.3963841622035445,0.35515735824792183,0.8533333333333334,0.84,3.352289914037101
0,AmplitudeEmbedding,77,0.3963403482326424,0.3557722770003577,0.85,0.84,3.4011571439914405
0,AmplitudeEmbedding,78,0.3963119516246812,0.356307300462643,0.85,0.84,3.452131461992394
0,AmplitudeEmbedding,79,0.39628528500368254,0.35660093631425765,0.8466666666666667,0.84,3.4984873630455695
0,AmplitudeEmbedding,80,0.39625107409556876,0.3565841756583589,0.8466666666666667,0.84,3.5495924840215594
0,AmplitudeEmbedding,81,0.3962120554343722,0.35629825818650523,0.8466666666666667,0.84,3.5972841850016266
0,AmplitudeEmbedding,82,0.396175419902133,0.3558644301067343,0.8466666666666667,0.84,3.6417560310219415
0,AmplitudeEmbedding,83,0.39614384331602576,0.3554282734333677,0.85,0.84,3.675702128035482
0,AmplitudeEmbedding,84,0.39611535160248645,0.3551071178246116,0.85,0.84,3.711088682000991
0,AmplitudeEmbedding,85,0.39608740884251936,0.35495778829460245,0.85,0.84,3.750327970017679
0,AmplitudeEmbedding,86,0.3960583278624184,0.3549707107411899,0.85,0.84,3.8120949669973925
0,AmplitudeEmbedding,87,0.396027726544242,0.3550884282746758,0.85,0.84,3.8462333690258674
0,AmplitudeEmbedding,88,0.3959981949883865,0.3552367202881178,0.8466666666666667,0.84,3.8891863609896973
0,AmplitudeEmbedding,89,0.3959741426240773,0.35535107347511014,0.8466666666666667,0.84,3.933670641039498
0,AmplitudeEmbedding,90,0.395956542591083,0.35538990773381135,0.8466666666666667,0.84,3.9783786950283684
0,AmplitudeEmbedding,91,0.3959404501639402,0.35533916139138283,0.8433333333333334,0.84,4.018167873029597
0,AmplitudeEmbedding,92,0.3959201950884046,0.35521344209235406,0.8433333333333334,0.84,4.060026184015442
0,AmplitudeEmbedding,93,0.3958961376277652,0.35505008784696307,0.8433333333333334,0.84,4.098752501013223
0,AmplitudeEmbedding,94,0.3958736778049984,0.3548925255061922,0.8466666666666667,0.84,4.1355424980283715
0,AmplitudeEmbedding,95,0.3958557081261685,0.3547714801622762,0.8466666666666667,0.84,4.1752516370033845
0,AmplitudeEmbedding,96,0.3958389801047982,0.3546986662258741,0.8466666666666667,0.84,4.214474778040312
0,AmplitudeEmbedding,97,0.3958190638314017,0.354675457646251,0.8466666666666667,0.84,4.26873849099502
0,AmplitudeEmbedding,98,0.3957961737663253,0.3547024551372825,0.8466666666666667,0.84,4.33170629903907
0,AmplitudeEmbedding,99,0.39577386750822346,0.35477715456331327,0.8433333333333334,0.84,4.392082653008401
0,AmplitudeEmbedding,100,0.3957538622837461,0.35488420338225696,0.8433333333333334,0.84,4.453544327989221
1,AngleEmbedding,0,1.3832014750398522,1.6409192863858248,0.47,0.44,0.04358749301172793
1,AngleEmbedding,1,1.3921373259341978,1.6540008336513778,0.42333333333333334,0.42,0.098664996039588
1,AngleEmbedding,2,1.3676901082882789,1.5758006067987893,0.43,0.42,0.15508388704620302
1,AngleEmbedding,3,1.3268901693255366,1.5191153918651505,0.45,0.44,0.20746700203744695
1,AngleEmbedding,4,1.2826859117383242,1.46769678988124,0.4633333333333333,0.44,0.2556859560427256
1,AngleEmbedding,5,1.2357176809266155,1.4122110584356617,0.4766666666666667,0.46,0.30546444101491943
1,AngleEmbedding,6,1.1835768265318438,1.3488717520637703,0.49333333333333335,0.47,0.3545130949933082
1,AngleEmbedding,7,1.1271195351391052,1.2807314933289673,0.5066666666666667,0.47,0.39970099803758785
1,AngleEmbedding,8,1.0695226746606288,1.212398421258117,0.5266666666666666,0.47,0.44673231104388833
1,AngleEmbedding,9,1.0136912420484865,1.1469931198899872,0.5366666666666666,0.49,0.49121223704423755
1,AngleEmbedding,10,0.9599514072410151,1.0844894397943385,0.55,0.52,0.5340363790164702
1,AngleEmbedding,11,0.906498761672826,1.0226304308849063,0.5633333333333334,0.54,0.5835410309955478
1,AngleEmbedding,12,0.8520566212745826,0.9597963598024838,0.5833333333333334,0.57,0.6264696560101584
1,AngleEmbedding,13,0.7963795096564428,0.8954558043930452,0.6166666666666667,0.58,0.6690343710361049
1,AngleEmbedding,14,0.7402889074399329,0.830172624713133,0.6466666666666666,0.6,0.7106876770267263
1,AngleEmbedding,15,0.6858778508403528,0.7658797578440253,0.6766666666666666,0.6,0.7622595879947767
1,AngleEmbedding,16,0.6363516706892179,0.7059049428367169,0.6933333333333334,0.63,0.8079317859956063
1,AngleEmbedding,17,0.5949647724685314,0.6540357564150295,0.7166666666666667,0.66,0.8527082010405138
1,AngleEmbedding,18,0.562756123750595,0.6121638337245147,0.75,0.67,0.8966904900153168
1,AngleEmbedding,19,0.5369585929562664,0.5782652652332129,0.77,0.69,0.9366080790059641
1,AngleEmbedding,20,0.5139703542161584,0.5489287762354543,0.7833333333333333,0.71,0.9803163770120591
1,AngleEmbedding,21,0.49193510665926227,0.5220817596023971,0.7833333333333333,0.74,1.0209734240197577
1,AngleEmbedding,22,0.47042127230313857,0.4969365178758309,0.8066666666666666,0.79,1.0615989500074647
1,AngleEmbedding,23,0.4497888848106321,0.47349886485546117,0.8466666666666667,0.82,1.102843781991396
1,AngleEmbedding,24,0.43066932369439487,0.45212665900715043,0.8533333333333334,0.85,1.1458745939889923
1,AngleEmbedding,25,0.41351421005511346,0.4331200891445235,0.8466666666666667,0.86,1.1851233880151995
1,AngleEmbedding,26,0.3983630135186788,0.4164961097380764,0.8533333333333334,0.87,1.2242529230425134
1,AngleEmbedding,27,0.3849526207111429,0.40205901456482396,0.8533333333333334,0.87,1.2656161520280875
1,AngleEmbedding,28,0.37302539925632533,0.3896317755708718,0.8533333333333334,0.87,1.3062824640073813
1,AngleEmbedding,29,0.36252507013490176,0.3791843278407677,0.8566666666666667,0.88,1.3474106680369005
1,AngleEmbedding,30,0.3535562795174363,0.3707733185211595,0.8533333333333334,0.88,1.3865765700466
1,AngleEmbedding,31,0.34621510516528275,0.364392289545666,0.86,0.87,1.4288438940420747
1,AngleEmbedding,32,0.3404492724182742,0.359858431963678,0.87,0.86,1.4721753880148754
1,AngleEmbedding,33,0.3360373370534389,0.3568081074935055,0.8633333333333333,0.86,1.5144743400160223
1,AngleEmbedding,34,0.3326706164232787,0.3547887408958166,0.8633333333333333,0.86,1.557159906020388
1,AngleEmbedding,35,0.33005700169511276,0.3533731633033587,0.8666666666666667,0.85,1.5988752419943921
1,AngleEmbedding,36,0.32798239033677057,0.35223443293982293,0.8733333333333333,0.85,1.6408514580107294
1,AngleEmbedding,37,0.3263210419029368,0.35117042833395096,0.87,0.84,1.6877940720296465
1,AngleEmbedding,38,0.3250150208661958,0.35009335874333514,0.8666666666666667,0.84,1.7297796120401472
1,AngleEmbedding,39,0.32404043766908425,0.3489981751077127,0.8666666666666667,0.84,1.7703343000030145
1,AngleEmbedding,40,0.32337551943124965,0.347924826026477,0.8666666666666667,0.84,1.8110902990447357
1,AngleEmbedding,41,0.3229855860810559,0.34693034564963215,0.8666666666666667,0.84,1.8653365630307235
1,AngleEmbedding,42,0.3228283103758546,0.3460753882642422,0.8666666666666667,0.84,1.9126925390446559
1,AngleEmbedding,43,0.32286537178612357,0.34541533723910733,0.8666666666666667,0.85,1.9615967340068892
1,AngleEmbedding,44,0.3230635198404765,0.3449848350363924,0.8633333333333333,0.85,2.0188371360418387
1,AngleEmbedding,45,0.32338331900927303,0.34477774771903696,0.8566666666666667,0.85,2.068524044996593
1,AngleEmbedding,46,0.3237699755806264,0.3447381352374266,0.85,0.85,2.116669155017007
1,AngleEmbedding,47,0.324159583219032,0.3447764907733996,0.8533333333333334,0.85,2.1661396709969267
1,AngleEmbedding,48,0.32449758541318985,0.3448071873863527,0.85,0.86,2.2095597650040872
1,AngleEmbedding,49,0.3247530513000878,0.34478305353748134,0.85,0.86,2.253053078020457
1,AngleEmbedding,50,0.3249167431431923,0.3447026246925668,0.8533333333333334,0.86,2.2917178019997664
1,AngleEmbedding,51,0.3249867910058558,0.3445886606764506,0.85,0.86,2.3349434839910828
1,AngleEmbedding,52,0.32495578947798465,0.34445973841077726,0.8533333333333334,0.86,2.3744738459936343
1,AngleEmbedding,53,0.3248093247498763,0.34431707951464957,0.8533333333333334,0.85,2.4143282379955053
1,AngleEmbedding,54,0.32453495001826627,0.34415116275123997,0.8533333333333334,0.85,2.456836205034051
1,AngleEmbedding,55,0.32413296322691587,0.3439570919328105,0.8533333333333334,0.85,2.4966207680408843
1,AngleEmbedding,56,0.32362074234696225,0.34374464438210717,0.8533333333333334,0.85,2.539800027036108
1,AngleEmbedding,57,0.32302853590160063,0.3435361768846387,0.8566666666666667,0.85,2.580814292014111
1,AngleEmbedding,58,0.3223908178545229,0.3433557185679769,0.8566666666666667,0.85,2.621064795006532
1,AngleEmbedding,59,0.32173926430637956,0.34321854458404394,0.8566666666666667,0.85,2.663601540029049
1,AngleEmbedding,60,0.321100683638801,0.3431289025739817,0.85,0.85,2.7046856080414727
1,AngleEmbedding,61,0.3204985780792757,0.3430860711934029,0.8533333333333334,0.85,2.7451339440303855
1,AngleEmbedding,62,0.3199540372725595,0.3430913460959573,0.8533333333333334,0.85,2.78510392899625
1,AngleEmbedding,63,0.31948270551937213,0.34314760025841395,0.8566666666666667,0.85,2.8328679020050913
1,AngleEmbedding,64,0.3190889497567754,0.3432506005490476,0.86,0.85,2.882772765995469
1,AngleEmbedding,65,0.3187622593584921,0.3433802905496929,0.8633333333333333,0.85,2.9245330539997667
1,AngleEmbedding,66,0.318480400682143,0.3435013640951196,0.8633333333333333,0.85,2.964934303017799
1,AngleEmbedding,67,0.31821891441992134,0.34357476377186247,0.8666666666666667,0.85,3.0068314989912324
1,AngleEmbedding,68,0.3179614597596447,0.34357309348206116,0.8666666666666667,0.84,3.047548513044603
1,AngleEmbedding,69,0.3177047440201838,0.34349058170852287,0.8666666666666667,0.84,3.08910660300171
1,AngleEmbedding,70,0.31745579544393987,0.34334275084230576,0.8666666666666667,0.86,3.1286321750376374
1,AngleEmbedding,71,0.31722456311970554,0.3431577840571587,0.87,0.86,3.171727240027394
1,AngleEmbedding,72,0.3170172142657323,0.3429657330072019,0.8666666666666667,0.86,3.2116756710456684
1,AngleEmbedding,73,0.3168338419756009,0.34279114655894277,0.8666666666666667,0.86,3.252141269040294
1,AngleEmbedding,74,0.31667057873250676,0.3426509699377108,0.8666666666666667,0.86,3.294162100995891
1,AngleEmbedding,75,0.31652332352305845,0.34255591808873115,0.8666666666666667,0.86,3.339166952006053
1,AngleEmbedding,76,0.31639004776454255,0.34251226107947824,0.8666666666666667,0.86,3.3798197180149145
1,AngleEmbedding,77,0.3162704488429924,0.34252211272158206,0.8633333333333333,0.86,3.420296297990717
1,AngleEmbedding,78,0.3161638922872755,0.3425823790804642,0.8633333333333333,0.85,3.4622068350436166
1,AngleEmbedding,79,0.316067636770946,0.3426839064678737,0.8633333333333333,0.85,3.5028136880137026
1,AngleEmbedding,80,0.3159768039814912,0.34281233004813527,0.86,0.85,3.5434163320460357
1,AngleEmbedding,81,0.3158860799584177,0.3429509687075462,0.8566666666666667,0.84,3.5841692480025813
1,AngleEmbedding,82,0.3157919023983295,0.3430847963639657,0.8566666666666667,0.85,3.6233843420050107
1,AngleEmbedding,83,0.3156937287943801,0.3432039166712732,0.86,0.86,3.6626628669910133
1,AngleEmbedding,84,0.31559379427353795,0.34330529302535423,0.86,0.86,3.7012999349972233
1,AngleEmbedding,85,0.3154957754185363,0.3433923431466755,0.86,0.86,3.739516279019881
1,AngleEmbedding,86,0.31540325968267674,0.34347284789636534,0.86,0.86,3.783777598000597
1,AngleEmbedding,87,0.3153187290052112,0.3435560898149623,0.8566666666666667,0.86,3.825460179010406
1,AngleEmbedding,88,0.3152432523427289,0.3436501408422021,0.8566666666666667,0.86,3.8684969799942337
1,AngleEmbedding,89,0.31517668784107,0.3437598998748596,0.8566666666666667,0.86,3.909306646033656
1,AngleEmbedding,90,0.31511810473030216,0.34388609200642273,0.8566666666666667,0.86,3.9490187100018375
1,AngleEmbedding,91,0.3150662338721798,0.34402518260085735,0.8533333333333334,0.86,3.9918294800445437
1,AngleEmbedding,92,0.3150198516366329,0.34417007096249974,0.8533333333333334,0.86,4.034418908006046
1,AngleEmbedding,93,0.3149780254652915,0.34431141923593883,0.8533333333333334,0.86,4.075471655989531
1,AngleEmbedding,94,0.31494016338930647,0.3444394341976633,0.8533333333333334,0.86,4.13546901702648
1,AngleEmbedding,95,0.3149058839154819,0.3445458225585172,0.8533333333333334,0.86,4.186309865035582
1,AngleEmbedding,96,0.31487483368385466,0.34462553837713217,0.8533333333333334,0.86,4.227335950010456
1,AngleEmbedding,97,0.3148466206371292,0.34467791088705046,0.8533333333333334,0.86,4.262416006007697
1,AngleEmbedding,98,0.3148209222868014,0.34470682983813133,0.8533333333333334,0.86,4.298782700032461
1,AngleEmbedding,99,0.31479763883648226,0.34471987995402126,0.8533333333333334,0.86,4.35983331000898
1,AngleEmbedding,100,0.31477687510970365,0.3447266166326199,0.8533333333333334,0.86,4.396318159007933
1,BasisEmbedding,0,4.212024713018071,4.121009674705574,0.32666666666666666,0.34,0.05577723204623908
1,BasisEmbedding,1,3.1352675148486395,3.0694575250294798,0.32666666666666666,0.34,0.16203625604975969
1,BasisEmbedding,2,2.58295140361424,2.5324463155663266,0.32666666666666666,0.34,0.26144467102130875
1,BasisEmbedding,3,2.21611168693792,2.1767372452631197,0.32666666666666666,0.34,0.36635458504315466
1,BasisEmbedding,4,1.9501777194836536,1.9182776578798408,0.32666666666666666,0.34,0.5630217110156082
1,BasisEmbedding,5,1.7449180790183898,1.7176521476826643,0.32666666666666666,0.34,0.6994403210119344
1,BasisEmbedding,6,1.5782708612788539,1.5540586725753656,0.32666666666666666,0.34,0.7940094020450488
1,BasisEmbedding,7,1.439585098177766,1.4176346493239984,0.32666666666666666,0.34,0.8933780280058272
1,BasisEmbedding,8,1.322946213063081,1.3026797567855524,0.32666666666666666,0.34,0.9931179760023952
1,BasisEmbedding,9,1.2242390573489421,1.2050592740159942,0.32666666666666666,0.34,1.0955736210453324
1,BasisEmbedding,10,1.1398018119814837,1.1211568975969568,0.32666666666666666,0.34,1.1965642489958555
1,BasisEmbedding,11,1.066559231434577,1.0481149666057785,0.32666666666666666,0.34,1.2967367420205846
1,BasisEmbedding,12,1.0025084392875598,0.9842274179565598,0.32666666666666666,0.34,1.3964473060332239
1,BasisEmbedding,13,0.9464238649820996,0.9284980160480454,0.32666666666666666,0.34,1.496803489048034
1,BasisEmbedding,14,0.8973263611132516,0.8800347981089484,0.32666666666666666,0.34,1.5964795750332996
1,BasisEmbedding,15,0.8542045340135358,0.8377860097268757,0.32666666666666666,0.34,1.7054859950440004
1,BasisEmbedding,16,0.8159953929165272,0.8005933265366693,0.32666666666666666,0.34,1.8089240770204924
1,BasisEmbedding,17,0.781766285584211,0.767446032549469,0.32666666666666666,0.34,1.9440869970130734
1,BasisEmbedding,18,0.7509111055543304,0.7377038383215744,0.32666666666666666,0.34,2.0583744310424663
1,BasisEmbedding,19,0.7231442859491213,0.7110746680677328,0.32666666666666666,0.34,2.182330359995831
1,BasisEmbedding,20,0.6983211962493817,0.6874067989242074,0.32666666666666666,0.34,2.2999531070236117
1,BasisEmbedding,21,0.6762516015576274,0.6664837698179708,0.32666666666666666,0.34,2.413488436024636
1,BasisEmbedding,22,0.6566138485550845,0.6479361516440753,0.58,0.55,2.541051080042962
1,BasisEmbedding,23,0.638993671414601,0.6312923939061418,0.8266666666666667,0.83,2.66685779299587
1,BasisEmbedding,24,0.623000108746174,0.6161139267373652,0.8266666666666667,0.83,2.7821525530307554
1,BasisEmbedding,25,0.6083631379341914,0.60210835066672,0.8266666666666667,0.83,2.9060647610458545
1,BasisEmbedding,26,0.594946208596212,0.5891460270753559,0.8266666666666667,0.83,3.0228984740097076
1,BasisEmbedding,27,0.5826859322171012,0.5771922877811306,0.8266666666666667,0.83,3.1432847660034895
1,BasisEmbedding,28,0.5715169855961229,0.566219498429384,0.8266666666666667,0.83,3.271076527016703
1,BasisEmbedding,29,0.5613317671656508,0.5561557370033153,0.8266666666666667,0.83,3.4273534810054116
1,BasisEmbedding,30,0.5519900569233909,0.5468896505837608,0.8266666666666667,0.83,3.7724001870374195
1,BasisEmbedding,31,0.5433589301165141,0.5383117935746702,0.8266666666666667,0.83,3.9271449930383824
1,BasisEmbedding,32,0.5353469376116067,0.5303531083029503,0.8266666666666667,0.83,4.089949287008494
1,BasisEmbedding,33,0.5279090214287335,0.5229928575329226,0.8266666666666667,0.83,4.206263514002785
1,BasisEmbedding,34,0.5210253941680922,0.5162370138970774,0.8266666666666667,0.83,4.313988670008257
1,BasisEmbedding,35,0.5146743957333846,0.5100876469982403,0.8266666666666667,0.83,4.418149917037226
1,BasisEmbedding,36,0.5088177211111866,0.5045237804715293,0.8266666666666667,0.83,4.521224468015134
1,BasisEmbedding,37,0.5034038610293616,0.49950158174160286,0.8266666666666667,0.83,4.641300299030263
1,BasisEmbedding,38,0.49838274722538,0.4949679774330084,0.8266666666666667,0.83,4.744066991028376
1,BasisEmbedding,39,0.4937190425767547,0.49087518971888483,0.8266666666666667,0.83,4.8519016620120965
1,BasisEmbedding,40,0.4893952966126804,0.487186638643402,0.8266666666666667,0.83,4.959092022036202
1,BasisEmbedding,41,0.48540476728995297,0.48387283320172164,0.8266666666666667,0.83,5.061118102050386
1,BasisEmbedding,42,0.48174014431630685,0.4809024956509566,0.8266666666666667,0.83,5.16798402601853
1,BasisEmbedding,43,0.4783852843625822,0.47823570842337415,0.8266666666666667,0.83,5.272363429015968
1,BasisEmbedding,44,0.47531368354428594,0.47582321993582605,0.8266666666666667,0.83,5.37790484004654
1,BasisEmbedding,45,0.47249295883728043,0.4736119122634905,0.8266666666666667,0.83,5.545025136030745
1,BasisEmbedding,46,0.4698916824924312,0.47155321304533926,0.8266666666666667,0.83,5.697489322046749
1,BasisEmbedding,47,0.4674845966937043,0.46961024570514437,0.8266666666666667,0.83,5.823664137045853
1,BasisEmbedding,48,0.46525406111299467,0.46776081228495514,0.8266666666666667,0.83,5.951322829001583
1,BasisEmbedding,49,0.46318808809293976,0.46599582072586876,0.8266666666666667,0.83,6.071260783995967
1,BasisEmbedding,50,0.46127699947564965,0.46431494650967897,0.8266666666666667,0.83,6.199979069002438
1,BasisEmbedding,51,0.45951087832222887,0.4627220430556988,0.8266666666666667,0.83,6.327676338027231
1,BasisEmbedding,52,0.45787889117124714,0.461222034214564,0.8266666666666667,0.83,6.430029374023434
1,BasisEmbedding,53,0.4563701678953969,0.45981959777991466,0.8266666666666667,0.83,6.53026052104542
1,BasisEmbedding,54,0.4549751333106334,0.4585189000597973,0.8266666666666667,0.83,6.627017442020588
1,BasisEmbedding,55,0.45368627793634553,0.4573234436775926,0.8266666666666667,0.83,6.741835808032192
1,BasisEmbedding,56,0.4524980011224454,0.45623554036728636,0.8266666666666667,0.83,6.955769175023306
1,BasisEmbedding,57,0.4514057956331942,0.45525549742450905,0.8266666666666667,0.83,7.074211596045643
1,BasisEmbedding,58,0.4504053071781321,0.45438091523461716,0.8266666666666667,0.83,7.213423383014742
1,BasisEmbedding,59,0.44949168935568595,0.453606456306789,0.8266666666666667,0.83,7.31311640603235
1,BasisEmbedding,60,0.44865939950015077,0.45292421659793725,0.8266666666666667,0.83,7.425871434039436
1,BasisEmbedding,61,0.44790235570818043,0.4523245960996395,0.8266666666666667,0.83,7.555952006019652
1,BasisEmbedding,62,0.4472142817084343,0.45179742635493236,0.8266666666666667,0.83,7.682919826009311
1,BasisEmbedding,63,0.44658907454050695,0.4513330754679932,0.8266666666666667,0.83,7.810347239021212
1,BasisEmbedding,64,0.44602108178862476,0.450923291380539,0.8266666666666667,0.83,7.96911689999979
1,BasisEmbedding,65,0.44550523607503806,0.45056163964456764,0.8266666666666667,0.83,8.147883904050104
1,BasisEmbedding,66,0.4450370524440072,0.4502435171755583,0.8266666666666667,0.83,8.327869743050542
1,BasisEmbedding,67,0.44461253818484087,0.44996583857855366,0.8266666666666667,0.83,8.435542618040927
1,BasisEmbedding,68,0.44422808106209366,0.44972655540935436,0.8266666666666667,0.83,8.546931517019402
1,BasisEmbedding,69,0.4438803671555286,0.4495241647013276,0.8266666666666667,0.83,8.663896917016245
1,BasisEmbedding,70,0.4435663464046854,0.44935730920757294,0.8266666666666667,0.83,8.77854396001203
1,BasisEmbedding,71,0.4432832332136212,0.4492245048099905,0.8266666666666667,0.83,8.891607862024102
1,BasisEmbedding,72,0.44302851539381793,0.4491239814126088,0.8266666666666667,0.83,9.001894325017929
1,BasisEmbedding,73,0.4427999484904213,0.4490536038303776,0.8266666666666667,0.83,9.113067844999023
1,BasisEmbedding,74,0.4425955259504133,0.44901084276295117,0.8266666666666667,0.83,9.215127139003016
1,BasisEmbedding,75,0.4424134290016147,0.4489927798349535,0.8266666666666667,0.83,9.341903794032987
1,BasisEmbedding,76,0.44225196788516136,0.44899614373804375,0.8266666666666667,0.83,9.478274671011604
1,BasisEmbedding,77,0.4421095274824346,0.44901738118199364,0.8266666666666667,0.83,9.609593063010834
1,BasisEmbedding,78,0.4419845274994128,0.4490527660036417,0.8266666666666667,0.83,9.733198360016104
1,BasisEmbedding,79,0.44187540271737047,0.44909854430964624,0.8266666666666667,0.83,9.850044984021224
1,BasisEmbedding,80,0.4417806040050084,0.4491511055639848,0.8266666666666667,0.83,9.970494736044202
1,BasisEmbedding,81,0.4416986165512111,0.44920716164511576,0.8266666666666667,0.83,10.08924088202184
1,BasisEmbedding,82,0.44162798857240354,0.44926391049633024,0.8266666666666667,0.83,10.201946673041675
1,BasisEmbedding,83,0.44156736213325737,0.44931916012056855,0.8266666666666667,0.83,10.517490519036073
1,BasisEmbedding,84,0.4415154982063784,0.4493713934103405,0.8266666666666667,0.83,10.63678672304377
1,BasisEmbedding,85,0.4414712906707884,0.44941976407602896,0.8266666666666667,0.83,10.752812587015796
1,BasisEmbedding,86,0.4414337677728158,0.44946402634043325,0.8266666666666667,0.83,10.882845079002436
1,BasisEmbedding,87,0.44140208322694396,0.4495044126329901,0.8266666666666667,0.83,11.003280947043095
1,BasisEmbedding,88,0.44137550130070213,0.44954148110127434,0.8266666666666667,0.83,11.122172348026652
1,BasisEmbedding,89,0.44135338036025007,0.4495759568144001,0.8266666666666667,0.83,11.235447177023161
1,BasisEmbedding,90,0.44133515788418626,0.44960858754056027,0.8266666666666667,0.83,11.350720949994866
1,BasisEmbedding,91,0.44132033794247216,0.4496400288801199,0.8266666666666667,0.83,11.460543840017635
1,BasisEmbedding,92,0.4413084806413963,0.4496707666348713,0.8266666666666667,0.83,11.573627561039757
1,BasisEmbedding,93,0.44129919259561007,0.44970107829706735,0.8266666666666667,0.83,11.68639065802563
1,BasisEmbedding,94,0.44129211798690865,0.44973103112937607,0.8266666666666667,0.83,11.801968801009934
1,BasisEmbedding,95,0.4412869306387639,0.4497605113012375,0.8266666666666667,0.83,11.913337665027939
1,BasisEmbedding,96,0.4412833281322612,0.44978927640619326,0.8266666666666667,0.83,12.033805087034125
1,BasisEmbedding,97,0.44128102892352594,0.4498170220053081,0.8266666666666667,0.83,12.15188359603053
1,BasisEmbedding,98,0.44127977271007846,0.4498434516423861,0.8266666666666667,0.83,12.262470943038352
1,BasisEmbedding,99,0.4412793232956998,0.4498683394732652,0.8266666666666667,0.83,12.377060613012873
1,BasisEmbedding,100,0.44127947241743065,0.44989157577499195,0.8266666666666667,0.83,12.518209496047348
1,AmplitudeEmbedding,0,0.7979445274866951,0.733246184264787,0.5233333333333333,0.52,0.053753964020870626
1,AmplitudeEmbedding,1,0.7402268674259003,0.6840714440575506,0.5366666666666666,0.55,0.1268884270102717
1,AmplitudeEmbedding,2,0.6844164104519002,0.637450291193024,0.5566666666666666,0.56,0.19043962704017758
1,AmplitudeEmbedding,3,0.6368712027036412,0.5990411214928647,0.6,0.62,0.2607348140445538
1,AmplitudeEmbedding,4,0.5964194842375345,0.5675316156595682,0.6833333333333333,0.7,0.3206871270085685
1,AmplitudeEmbedding,5,0.5649458235505639,0.5444735772012192,0.74,0.75,0.3672763340291567
1,AmplitudeEmbedding,6,0.5442647986693769,0.5306930583945517,0.76,0.75,0.41181968903401867
1,AmplitudeEmbedding,7,0.5280742886353428,0.5224684415707681,0.7766666666666666,0.75,0.4536921069957316
1,AmplitudeEmbedding,8,0.5077219800113024,0.5129365576060053,0.7866666666666666,0.73,0.5072441420052201
1,AmplitudeEmbedding,9,0.48687509393346395,0.4948518092836575,0.8,0.76,0.5535739790066145
1,AmplitudeEmbedding,10,0.46646775912459987,0.4727304971465168,0.8133333333333334,0.77,0.5939320600009523
1,AmplitudeEmbedding,11,0.45089722130037974,0.4535279319807141,0.8133333333333334,0.8,0.6381373060285114
1,AmplitudeEmbedding,12,0.44154905832980207,0.44036505085967353,0.8133333333333334,0.82,0.6797870210139081
1,AmplitudeEmbedding,13,0.4329714851365502,0.43072643850638204,0.8266666666666667,0.84,0.7210969200241379
1,AmplitudeEmbedding,14,0.42406712029176086,0.42390328669420796,0.8266666666666667,0.83,0.7618369450210594
1,AmplitudeEmbedding,15,0.4180258951423207,0.422026192395725,0.8266666666666667,0.83,0.8048787720035762
1,AmplitudeEmbedding,16,0.41629231110593934,0.4247511631503398,0.8233333333333334,0.82,0.8462902150349692
1,AmplitudeEmbedding,17,0.41571067430995357,0.4275143696784421,0.8233333333333334,0.82,0.8886466679978184
1,AmplitudeEmbedding,18,0.4138996815530219,0.4277260543943096,0.8166666666666667,0.81,0.9325284920050763
1,AmplitudeEmbedding,19,0.41171441318796087,0.42635763605764054,0.8166666666666667,0.8,0.9748036490054801
1,AmplitudeEmbedding,20,0.41048238440781504,0.42486351313182985,0.8166666666666667,0.8,1.0235478639951907
1,AmplitudeEmbedding,21,0.40989352668832313,0.4236921614671031,0.82,0.81,1.0782797550200485
1,AmplitudeEmbedding,22,0.40826645989132476,0.4223189072359302,0.82,0.81,1.1297054780297913
1,AmplitudeEmbedding,23,0.40485989932252037,0.42036260044885476,0.8266666666666667,0.81,1.1744494590093382
1,AmplitudeEmbedding,24,0.4005836799105297,0.41819082904249943,0.83,0.82,1.2195643280283548
1,AmplitudeEmbedding,25,0.396792544844999,0.4162707312902747,0.8266666666666667,0.83,1.269023533037398
1,AmplitudeEmbedding,26,0.3942434081149859,0.4144796387410035,0.84,0.83,1.3140075060073286
1,AmplitudeEmbedding,27,0.39287815840338725,0.4121969346723047,0.84,0.83,1.3534469490405172
1,AmplitudeEmbedding,28,0.39219558348667866,0.40893761001040163,0.84,0.83,1.3941142880357802
1,AmplitudeEmbedding,29,0.3916135737734328,0.4047287935186769,0.84,0.84,1.4454996560234576
1,AmplitudeEmbedding,30,0.39068756267643157,0.39995314222467954,0.8466666666666667,0.84,1.4890301510458812
1,AmplitudeEmbedding,31,0.38949237281062077,0.3951605785057321,0.8466666666666667,0.84,1.5272313629975542
1,AmplitudeEmbedding,32,0.3885966564080314,0.3910514589218181,0.8466666666666667,0.85,1.5646880300482735
1,AmplitudeEmbedding,33,0.38810655855980875,0.3880636063137802,0.8466666666666667,0.85,1.6090818880475126
1,AmplitudeEmbedding,34,0.38733098827223533,0.3859614972216565,0.85,0.85,1.6599336900399067
1,AmplitudeEmbedding,35,0.3856829486395743,0.38439110038071655,0.85,0.85,1.7043387590092607
1,AmplitudeEmbedding,36,0.38329894792264013,0.38348620414548135,0.85,0.85,1.7507690410129726
1,AmplitudeEmbedding,37,0.38065803562844985,0.38358839591240323,0.85,0.85,1.7971918680123053
1,AmplitudeEmbedding,38,0.3781474388235926,0.3847590835480911,0.85,0.85,1.840640362992417
1,AmplitudeEmbedding,39,0.37607221598274254,0.38668202543016983,0.85,0.85,1.8854402390425093
1,AmplitudeEmbedding,40,0.3746791344042158,0.38885530707490235,0.8533333333333334,0.84,1.9257717830478214
1,AmplitudeEmbedding,41,0.3739924536561441,0.3908530057308588,0.8533333333333334,0.84,1.9634879790246487
1,AmplitudeEmbedding,42,0.37372129359011286,0.3924110018701754,0.85,0.84,2.0117557470221072
1,AmplitudeEmbedding,43,0.37341895873208736,0.3933154585950899,0.8466666666666667,0.84,2.0597494080429897
1,AmplitudeEmbedding,44,0.37276458583351557,0.3933590145691056,0.8566666666666667,0.84,2.2725466540432535
1,AmplitudeEmbedding,45,0.3717290436507731,0.3924165140514806,0.86,0.84,2.3112646469962783
1,AmplitudeEmbedding,46,0.37054153871800255,0.39053129694272515,0.8666666666666667,0.84,2.3574078550445847
1,AmplitudeEmbedding,47,0.36952695259482926,0.38797850924271615,0.87,0.84,2.4036386880325153
1,AmplitudeEmbedding,48,0.3689086022541486,0.38524829819726814,0.8733333333333333,0.85,2.44601864204742
1,AmplitudeEmbedding,49,0.36866844484599337,0.38286990876043686,0.8733333333333333,0.85,2.4877456630347297
1,AmplitudeEmbedding,50,0.36856244999124954,0.3811903034882402,0.8733333333333333,0.85,2.52805891900789
1,AmplitudeEmbedding,51,0.3682997520018508,0.38032979234286945,0.8733333333333333,0.85,2.5658188380184583
1,AmplitudeEmbedding,52,0.3677405187000038,0.38031113382508286,0.8733333333333333,0.85,2.60662500502076
1,AmplitudeEmbedding,53,0.3669632698077839,0.3811526182555498,0.8733333333333333,0.85,2.6530281790182926
1,AmplitudeEmbedding,54,0.36618223555615315,0.38280263302661305,0.8766666666666667,0.85,2.6928339110454544
1,AmplitudeEmbedding,55,0.36558873233795064,0.3850004658904113,0.8766666666666667,0.85,2.7338898580055684
1,AmplitudeEmbedding,56,0.36522989296569996,0.3872626563561133,0.8766666666666667,0.85,2.769720901036635
1,AmplitudeEmbedding,57,0.36501160850613046,0.38908525409625355,0.8733333333333333,0.85,2.8205639570369385
1,AmplitudeEmbedding,58,0.3648027927788876,0.3901842005991436,0.8766666666666667,0.85,2.8707037630374543
1,AmplitudeEmbedding,59,0.36453434012372127,0.3905406674822377,0.8766666666666667,0.85,2.9125659220153466
1,AmplitudeEmbedding,60,0.3642197764972603,0.39027674616976316,0.8833333333333333,0.85,2.9513822290464304
1,AmplitudeEmbedding,61,0.3639104497541546,0.38954365324794005,0.88,0.85,2.988841679005418
1,AmplitudeEmbedding,62,0.3636507124922818,0.3885068063005168,0.8733333333333333,0.86,3.0278259270126
1,AmplitudeEmbedding,63,0.3634719784733292,0.3873850807045826,0.8733333333333333,0.85,3.066749197023455
1,AmplitudeEmbedding,64,0.36338555323316046,0.3864607639298886,0.8733333333333333,0.85,3.106743493990507
1,AmplitudeEmbedding,65,0.3633469901204301,0.3860055330181708,0.8733333333333333,0.85,3.1438352030236274
1,AmplitudeEmbedding,66,0.363265016128163,0.3861650238713581,0.8733333333333333,0.85,3.183271574031096
1,AmplitudeEmbedding,67,0.36308976851423336,0.3868990446053662,0.8733333333333333,0.85,3.22223492001649
1,AmplitudeEmbedding,68,0.3628703346152195,0.38798946836426046,0.87,0.85,3.259335133014247
1,AmplitudeEmbedding,69,0.36269857286520635,0.38910616328665815,0.87,0.86,3.300407239003107
1,AmplitudeEmbedding,70,0.36261349636346135,0.3899603095609245,0.8733333333333333,0.86,3.3378146270406432
1,AmplitudeEmbedding,71,0.36257426169902884,0.39044252213343095,0.8733333333333333,0.86,3.376429435040336
1,AmplitudeEmbedding,72,0.3625120217477162,0.39059239604022783,0.8733333333333333,0.86,3.4154399720137008
1,AmplitudeEmbedding,73,0.36239571471329646,0.39047362686161236,0.87,0.85,3.4542780829942785
1,AmplitudeEmbedding,74,0.36225390094414206,0.3901150233299245,0.87,0.85,3.4974482870311476
1,AmplitudeEmbedding,75,0.3621424644113967,0.38955095400895756,0.87,0.85,3.5390132950269617
1,AmplitudeEmbedding,76,0.3620909012034655,0.3888902933729138,0.87,0.85,3.5785096760373563
1,AmplitudeEmbedding,77,0.36207695353711233,0.3883138787266017,0.87,0.85,3.6205863450304605
1,AmplitudeEmbedding,78,0.3620543936541245,0.38799160481445427,0.87,0.85,3.659747106023133
1,AmplitudeEmbedding,79,0.3620017002139616,0.3880084002813031,0.87,0.85,3.700135955994483
1,AmplitudeEmbedding,80,0.36193600840596246,0.3883467959446303,0.87,0.85,3.735577487037517
1,AmplitudeEmbedding,81,0.3618847754192961,0.3889094221260469,0.87,0.85,3.7737823390052654
1,AmplitudeEmbedding,82,0.3618569272208727,0.3895590653691069,0.87,0.86,3.815668004041072
1,AmplitudeEmbedding,83,0.3618407761338486,0.3901551044465175,0.87,0.86,3.853791350033134
1,AmplitudeEmbedding,84,0.3618187509269631,0.39057340823549325,0.87,0.86,3.891506796993781
1,AmplitudeEmbedding,85,0.3617817018709784,0.3907223089608183,0.87,0.86,3.9287123570102267
1,AmplitudeEmbedding,86,0.36173516152513946,0.39057274352952265,0.87,0.86,3.9644509170320816
1,AmplitudeEmbedding,87,0.3616942175032751,0.3901913335794868,0.87,0.86,4.002716507005971
1,AmplitudeEmbedding,88,0.3616693668915743,0.3897381675323704,0.87,0.86,4.041390039026737
1,AmplitudeEmbedding,89,0.36165615002163665,0.38940962246982713,0.87,0.86,4.0784338299999945
1,AmplitudeEmbedding,90,0.3616406709642181,0.38935653523014346,0.87,0.86,4.123311814037152
1,AmplitudeEmbedding,91,0.36161555880593405,0.3896257558007275,0.87,0.86,4.17194027203368
1,AmplitudeEmbedding,92,0.3615875990839178,0.39014588231972575,0.87,0.86,4.221228054026142
1,AmplitudeEmbedding,93,0.3615682911622024,0.39075494802774174,0.87,0.86,4.262333260034211
1,AmplitudeEmbedding,94,0.3615597134144858,0.3912625496376364,0.87,0.86,4.301318536046892
1,AmplitudeEmbedding,95,0.36155297601412056,0.39152504542211813,0.87,0.86,4.347116585006006
1,AmplitudeEmbedding,96,0.36153969007889475,0.3914974884034986,0.87,0.86,4.383240590046626
1,AmplitudeEmbedding,97,0.3615210320858541,0.39123939545432995,0.87,0.86,4.420134568004869
1,AmplitudeEmbedding,98,0.36150418640340226,0.39088105148117636,0.87,0.86,4.476021120033693
1,AmplitudeEmbedding,99,0.36149289367476456,0.39057110796770195,0.87,0.86,4.516985655995086
1,AmplitudeEmbedding,100,0.3614842646376611,0.3904246295503067,0.87,0.86,4.558190718991682
2,AngleEmbedding,0,1.4449138695863648,1.2536536521407646,0.57,0.6,0.052833091001957655
2,AngleEmbedding,1,1.3465387969977114,1.1874618531794867,0.58,0.61,0.2029465549858287
2,AngleEmbedding,2,1.2555257411304266,1.1262028883438,0.5966666666666667,0.62,0.2625289660063572
2,AngleEmbedding,3,1.1489280555338846,1.0324166739831275,0.63,0.67,0.31328320800093934
2,AngleEmbedding,4,1.0322175016231991,0.9265251838798693,0.6333333333333333,0.68,0.35924420499941334
2,AngleEmbedding,5,0.9231005449027657,0.8313888013418943,0.6433333333333333,0.7,0.4061241940362379
2,AngleEmbedding,6,0.8274318309691538,0.7503285650862351,0.6533333333333333,0.72,0.44775729498360306
2,AngleEmbedding,7,0.745558830867924,0.682388304121218,0.67,0.73,0.4877501819864847
2,AngleEmbedding,8,0.6755233180538545,0.6251331420324542,0.6966666666666667,0.72,0.5287161770393141
2,AngleEmbedding,9,0.615650655608377,0.5768201765627015,0.72,0.74,0.5733679170371033
2,AngleEmbedding,10,0.5653223198968058,0.536967047695446,0.7166666666666667,0.75,0.6151541850413196
2,AngleEmbedding,11,0.5241594660067073,0.5054595992420252,0.7,0.75,0.6589703090139665
2,AngleEmbedding,12,0.49062834352898166,0.4811516526668862,0.7133333333333334,0.71,0.7358964779996313
2,AngleEmbedding,13,0.4620481577024568,0.4616688273081762,0.76,0.71,0.8209083800320514
2,AngleEmbedding,14,0.43642696705623385,0.44495846690928464,0.7866666666666666,0.75,0.898117020027712
2,AngleEmbedding,15,0.4130196143712356,0.42990876572645037,0.8166666666666667,0.77,0.98835089802742
2,AngleEmbedding,16,0.39173775596657784,0.41599458001957246,0.85,0.77,1.0585380989941768
2,AngleEmbedding,17,0.37276009411730804,0.40309129649551245,0.8666666666666667,0.77,1.1079891300178133
2,AngleEmbedding,18,0.3564505537166055,0.39149144288470994,0.8666666666666667,0.77,1.1693988390034065
2,AngleEmbedding,19,0.34337719945224193,0.38190197108452073,0.8666666666666667,0.78,1.2214530890341848
2,AngleEmbedding,20,0.3342131524352117,0.3752891301752944,0.87,0.81,1.2584193419897929
2,AngleEmbedding,21,0.3293804730725209,0.3724309134854024,0.8533333333333334,0.8,1.302327071025502
2,AngleEmbedding,22,0.32857170290007304,0.37329526315421546,0.8566666666666667,0.82,1.33900892699603
2,AngleEmbedding,23,0.3305790630768969,0.37681081517926734,0.8533333333333334,0.83,1.3841387910069898
2,AngleEmbedding,24,0.33371603624949236,0.3813362943782998,0.8466666666666667,0.84,1.4348117249901406
2,AngleEmbedding,25,0.3365431490824843,0.3854553315067357,0.84,0.85,1.4865183760412037
2,AngleEmbedding,26,0.33835306355026373,0.3885014165797746,0.8466666666666667,0.85,1.5279385769972578
2,AngleEmbedding,27,0.33918558754715844,0.39057038246297937,0.8333333333333334,0.84,1.569340258021839
2,AngleEmbedding,28,0.33951585748847984,0.3921787592012864,0.83,0.85,1.6104235090315342
2,AngleEmbedding,29,0.33985332480933605,0.393830634742644,0.8266666666666667,0.85,1.6680691500077955
2,AngleEmbedding,30,0.3404300032146967,0.3956907156755443,0.8333333333333334,0.85,1.7202556360280141
2,AngleEmbedding,31,0.3410834517607124,0.3974776011183597,0.8366666666666667,0.85,1.7650282770046033
2,AngleEmbedding,32,0.34135642704617536,0.3985957017557649,0.83,0.84,1.7994154670159332
2,AngleEmbedding,33,0.34074010565214524,0.39841955414018415,0.8333333333333334,0.83,1.8474624250084162
2,AngleEmbedding,34,0.3389238967005045,0.3965777424533466,0.8433333333333334,0.83,1.8911010110168718
2,AngleEmbedding,35,0.3359311555028989,0.39310599534279633,0.85,0.83,1.9366899330052547
2,AngleEmbedding,36,0.332110002377631,0.3884361945390985,0.8466666666666667,0.83,1.9885904340189882
2,AngleEmbedding,37,0.32802449372009196,0.38326565665849643,0.86,0.83,2.027907243988011
2,AngleEmbedding,38,0.3242906331276406,0.37835557385194774,0.86,0.83,2.076194317021873
2,AngleEmbedding,39,0.3213740217653356,0.37429351164578134,0.86,0.84,2.116719492012635
2,AngleEmbedding,40,0.31940449124399284,0.3712919871968707,0.8633333333333333,0.84,2.1717504099942744
2,AngleEmbedding,41,0.3181351576470986,0.3691466597113577,0.8666666666666667,0.83,2.2132454300299287
2,AngleEmbedding,42,0.3171203056475123,0.36742001223924015,0.8666666666666667,0.81,2.26654232700821
2,AngleEmbedding,43,0.31600571623981066,0.36574427693913714,0.8666666666666667,0.81,2.3110386630287394
2,AngleEmbedding,44,0.31472811658818095,0.36403662550028265,0.86,0.81,2.357717673992738
2,AngleEmbedding,45,0.3135093552995764,0.36250233122315445,0.86,0.81,2.407479166984558
2,AngleEmbedding,46,0.3126785864775739,0.36145398731293965,0.8666666666666667,0.81,2.4523754190304317
2,AngleEmbedding,47,0.31244107149729444,0.3610700518353841,0.8633333333333333,0.8,2.5059346120106056
2,AngleEmbedding,48,0.3127314139532911,0.3612415973366447,0.87,0.8,2.5558781980071217
2,AngleEmbedding,49,0.31324776747731015,0.3616133278026971,0.87,0.81,2.6093470589839853
2,AngleEmbedding,50,0.3136472199334536,0.3617991747015877,0.87,0.8,2.6523549429839477
2,AngleEmbedding,51,0.3137550699376148,0.36161322392502243,0.87,0.8,2.7008581929840147
2,AngleEmbedding,52,0.31363185320431636,0.36114415977924047,0.87,0.8,2.7439290520269424
2,AngleEmbedding,53,0.31346797264276205,0.36063794449985087,0.87,0.78,2.802563484001439
2,AngleEmbedding,54,0.3134088361318336,0.36030023922069004,0.87,0.78,2.850883094011806
2,AngleEmbedding,55,0.3134476913167151,0.36016902896304037,0.8733333333333333,0.78,2.8966962689883076
2,AngleEmbedding,56,0.3134535943582337,0.3601339205735624,0.8733333333333333,0.78,2.9429871889878996
2,AngleEmbedding,57,0.3132922213916114,0.3600602966949016,0.8733333333333333,0.78,2.9941635209834203
2,AngleEmbedding,58,0.31293467685118365,0.3599061882332829,0.8733333333333333,0.78,3.035088579985313
2,AngleEmbedding,59,0.31247546797634623,0.3597448288549617,0.8733333333333333,0.78,3.0852750309859402
2,AngleEmbedding,60,0.3120579032704754,0.35968942839565043,0.8733333333333333,0.78,3.127491263032425
2,AngleEmbedding,61,0.3117704586858686,0.3597889339131424,0.87,0.78,3.1823274350026622
2,AngleEmbedding,62,0.31159421865510367,0.3599808502671069,0.87,0.8,3.226161619008053
2,AngleEmbedding,63,0.3114398038659753,0.3601397761831972,0.87,0.8,3.266254665039014
2,AngleEmbedding,64,0.3112368943400754,0.3601784024913676,0.87,0.8,3.3076730400207452
2,AngleEmbedding,65,0.31099432438821245,0.360111514571973,0.8666666666666667,0.8,3.3489408700261265
2,AngleEmbedding,66,0.31078089430257044,0.36003109421504204,0.8666666666666667,0.8,3.4130863480386324
2,AngleEmbedding,67,0.3106540894356812,0.36002387790401097,0.8666666666666667,0.79,3.4832132069859654
2,AngleEmbedding,68,0.31060763488352117,0.3601084413081771,0.8666666666666667,0.8,3.54144467698643
2,AngleEmbedding,69,0.3105823417767478,0.3602403232500349,0.8666666666666667,0.81,3.586685529036913
2,AngleEmbedding,70,0.310522045445941,0.3603673045608431,0.8666666666666667,0.81,3.625943719991483
2,AngleEmbedding,71,0.31041922881043355,0.36047676219712194,0.8666666666666667,0.81,3.664151680015493
2,AngleEmbedding,72,0.3103118473210706,0.3605939155408915,0.8666666666666667,0.81,3.702207452035509
2,AngleEmbedding,73,0.3102405308357687,0.36074011263554545,0.8666666666666667,0.81,3.742039108998142
2,AngleEmbedding,74,0.3102092586493145,0.36089637688703485,0.8666666666666667,0.81,3.775561208021827
2,AngleEmbedding,75,0.31018542656517956,0.36100930527639075,0.8666666666666667,0.81,3.8170475200167857
2,AngleEmbedding,76,0.31013511827111256,0.36103325974850037,0.8666666666666667,0.81,3.860375454009045
2,AngleEmbedding,77,0.31005543227437027,0.3609669722790377,0.8666666666666667,0.81,3.905010807036888
2,AngleEmbedding,78,0.30997240918739116,0.360850562039304,0.8666666666666667,0.81,3.9505413090228103
2,AngleEmbedding,79,0.30991112214616334,0.3607300969549099,0.8666666666666667,0.81,3.994124174991157
2,AngleEmbedding,80,0.3098714189439238,0.36062627874984093,0.8666666666666667,0.81,4.0323911780142225
2,AngleEmbedding,81,0.3098325582729297,0.36053374053365744,0.8666666666666667,0.81,4.078370050992817
2,AngleEmbedding,82,0.30977786345963426,0.3604433226614053,0.8633333333333333,0.81,4.116275050037075
2,AngleEmbedding,83,0.3097116724507921,0.360358773886249,0.8666666666666667,0.8,4.155929283995647
2,AngleEmbedding,84,0.3096523710500752,0.36029066000984145,0.8666666666666667,0.81,4.196871897031087
2,AngleEmbedding,85,0.30961171805587223,0.36023793248924896,0.87,0.81,4.235978793993127
2,AngleEmbedding,86,0.30958368513471585,0.3601810246345324,0.87,0.81,4.276060623989906
2,AngleEmbedding,87,0.30955351932055863,0.36009638683153206,0.87,0.81,4.330399335012771
2,AngleEmbedding,88,0.3095147837380975,0.359977701521453,0.87,0.81,4.384869932022411
2,AngleEmbedding,89,0.30947465854174555,0.3598416607783648,0.87,0.81,4.451996941003017
2,AngleEmbedding,90,0.3094431827970322,0.35971370193342767,0.87,0.81,4.507968421035912
2,AngleEmbedding,91,0.3094207742995283,0.35961004198266106,0.87,0.81,4.566933585039806
2,AngleEmbedding,92,0.30939847233316964,0.35953311395105714,0.87,0.8,4.662032778025605
2,AngleEmbedding,93,0.309368946762339,0.3594799798828848,0.87,0.8,4.761866361019202
2,AngleEmbedding,94,0.30933427501158756,0.35944975554768255,0.87,0.81,4.824822822003625
2,AngleEmbedding,95,0.30930202737498297,0.35944109266283564,0.87,0.81,4.8902621360030025
2,AngleEmbedding,96,0.30927576221486075,0.35944557427689033,0.87,0.81,4.950196939986199
2,AngleEmbedding,97,0.3092517851316112,0.35944847929224233,0.87,0.81,5.010775219008792
2,AngleEmbedding,98,0.3092251506517602,0.3594386253923543,0.87,0.81,5.07132718100911
2,AngleEmbedding,99,0.30919634997905426,0.359416941887743,0.87,0.81,5.128990878001787
2,AngleEmbedding,100,0.3091703166394399,0.35939441962664165,0.87,0.81,5.184533546038438
2,BasisEmbedding,0,3.5913773414758574,3.5731384606760868,0.3,0.3,0.07885185501072556
2,BasisEmbedding,1,2.819540002304463,2.807385171972602,0.3,0.3,0.22860387701075524
2,BasisEmbedding,2,2.346421400187003,2.3394677558162478,0.3,0.3,0.36504610697738826
2,BasisEmbedding,3,2.013439095668261,2.0113588296710008,0.3,0.3,0.503073820960708
2,BasisEmbedding,4,1.7637786010473278,1.7658578550940935,0.3,0.3,0.648621472006198
2,BasisEmbedding,5,1.5669358633375448,1.5725374659806426,0.3,0.3,0.8435404439806007
2,BasisEmbedding,6,1.4067750624297994,1.4152788287618403,0.3,0.3,0.9896073929849081
2,BasisEmbedding,7,1.2744802818103855,1.2851373597408968,0.3,0.3,1.1315065950038843
2,BasisEmbedding,8,1.1638629468051385,1.1759173746934442,0.3,0.3,1.4447230729856528
2,BasisEmbedding,9,1.0699198318627052,1.082815882172163,0.3,0.3,1.6118373699719086
2,BasisEmbedding,10,0.9890576476489805,1.00250863141637,0.3,0.3,1.7710734939901158
2,BasisEmbedding,11,0.9190442588662654,0.932921583008734,0.3,0.3,1.9324509059661068
2,BasisEmbedding,12,0.8583749355006974,0.8725908004911516,0.3,0.3,2.1033897629822604
2,BasisEmbedding,13,0.8057166088766621,0.8202118035637777,0.3,0.3,2.266689646989107
2,BasisEmbedding,14,0.7597633246174946,0.7745630489571508,0.3,0.3,2.463264568010345
2,BasisEmbedding,15,0.7194056274957665,0.7346506254731632,0.3,0.3,2.6841510969679803
2,BasisEmbedding,16,0.6838501431151701,0.6997583233246845,0.3,0.3,2.8978380549815483
2,BasisEmbedding,17,0.6525388582073122,0.6693423314256411,0.8466666666666667,0.81,3.1291617669630796
2,BasisEmbedding,18,0.6249790140309875,0.6428997851702783,0.8466666666666667,0.81,3.2726568069774657
2,BasisEmbedding,19,0.6006426702168643,0.6199130189254975,0.8466666666666667,0.81,3.4266503359540366
2,BasisEmbedding,20,0.5790105514783911,0.5998932354080274,0.8466666666666667,0.81,3.729885316977743
2,BasisEmbedding,21,0.5596784461400672,0.5824472047218056,0.8466666666666667,0.81,3.8519335159799084
2,BasisEmbedding,22,0.5423915905536719,0.5672812658514497,0.8466666666666667,0.81,3.9997486989595927
2,BasisEmbedding,23,0.5269781301188028,0.5541458768624443,0.8466666666666667,0.81,4.158348288969137
2,BasisEmbedding,24,0.5132616734417256,0.5427846125776203,0.8466666666666667,0.81,4.313348929979838
2,BasisEmbedding,25,0.5010349961166405,0.5329336561445163,0.8466666666666667,0.81,4.472156864008866
2,BasisEmbedding,26,0.4900995082390412,0.5243588984511427,0.8466666666666667,0.81,4.641286997008137
2,BasisEmbedding,27,0.4803090462131818,0.5168823636983673,0.8466666666666667,0.81,4.782290912989993
2,BasisEmbedding,28,0.47156915102083957,0.5103726603918335,0.8466666666666667,0.81,4.90875701897312
2,BasisEmbedding,29,0.4638019777217449,0.5047169509908475,0.8466666666666667,0.81,5.099052064004354
2,BasisEmbedding,30,0.45691650353112284,0.49980339801625573,0.8466666666666667,0.81,5.280380459968001
2,BasisEmbedding,31,0.4508071675029039,0.4955239272884858,0.8466666666666667,0.81,5.381029545969795
2,BasisEmbedding,32,0.4453731557237419,0.49178606133988517,0.8466666666666667,0.81,5.497071427991614
2,BasisEmbedding,33,0.4405355436571953,0.48851859073807363,0.8466666666666667,0.81,5.613407153985463
2,BasisEmbedding,34,0.4362382769488113,0.4856669067727375,0.8466666666666667,0.81,5.851199727971107
2,BasisEmbedding,35,0.4324366937489157,0.48318467138292975,0.8466666666666667,0.81,5.999479316000361
2,BasisEmbedding,36,0.4290859431918834,0.4810293871497646,0.8466666666666667,0.81,6.150537162960973
2,BasisEmbedding,37,0.4261375262948315,0.4791633395439679,0.8466666666666667,0.81,6.272028114006389
2,BasisEmbedding,38,0.42354327420654275,0.47755615704083915,0.8466666666666667,0.81,6.3925995549652725
2,BasisEmbedding,39,0.4212608847880221,0.4761850532899004,0.8466666666666667,0.81,6.510155759984627
2,BasisEmbedding,40,0.41925612010518365,0.47503212022491575,0.8466666666666667,0.81,6.623235596984159
2,BasisEmbedding,41,0.41750087824012405,0.4740808186130462,0.8466666666666667,0.81,6.740670082974248
2,BasisEmbedding,42,0.41596950454102527,0.4733139195355288,0.8466666666666667,0.81,6.855272470973432
2,BasisEmbedding,43,0.41463616129117065,0.472713444059613,0.8466666666666667,0.81,6.976832526968792
2,BasisEmbedding,44,0.41347457237770807,0.47226160919447435,0.8466666666666667,0.81,7.195125431986526
2,BasisEmbedding,45,0.4124596372527588,0.47194152729304717,0.8466666666666667,0.81,7.442742537998129
2,BasisEmbedding,46,0.4115694393766777,0.47173715248997183,0.8466666666666667,0.81,7.558471095981076
2,BasisEmbedding,47,0.41078632774490903,0.4716327973154083,0.8466666666666667,0.81,7.696954365994316
2,BasisEmbedding,48,0.41009662207671654,0.47161282759629086,0.8466666666666667,0.81,7.826925776957069
2,BasisEmbedding,49,0.409489404513489,0.471661881933832,0.8466666666666667,0.81,7.94890412298264
2,BasisEmbedding,50,0.40895525182801273,0.4717655071757937,0.8466666666666667,0.81,8.067630543955602
2,BasisEmbedding,51,0.40848551642429953,0.4719108075066576,0.8466666666666667,0.81,8.178318521007895
2,BasisEmbedding,52,0.40807222504209617,0.4720867318024085,0.8466666666666667,0.81,8.289269100001547
2,BasisEmbedding,53,0.4077082773106152,0.4722838909097737,0.8466666666666667,0.81,8.400076194957364
2,BasisEmbedding,54,0.4073875846926494,0.472494081679103,0.8466666666666667,0.81,8.514950357959606
2,BasisEmbedding,55,0.40710498726415856,0.4727098169716786,0.8466666666666667,0.81,8.62488693598425
2,BasisEmbedding,56,0.40685600465388055,0.4729240913374683,0.8466666666666667,0.81,8.737259346002247
2,BasisEmbedding,57,0.40663657617612853,0.4731304442387742,0.8466666666666667,0.81,8.8502777889953
2,BasisEmbedding,58,0.4064429125122665,0.4733232339819102,0.8466666666666667,0.81,8.961924447969068
2,BasisEmbedding,59,0.406271488300268,0.47349797188433196,0.8466666666666667,0.81,9.07296767499065
2,BasisEmbedding,60,0.4061191276347363,0.4736515861123201,0.8466666666666667,0.81,9.355741116974968
2,BasisEmbedding,61,0.405983107343686,0.47378254662753055,0.8466666666666667,0.81,9.478777862968855
2,BasisEmbedding,62,0.405861218722946,0.47389084339472404,0.8466666666666667,0.81,9.631975617958233
2,BasisEmbedding,63,0.40575176206738245,0.47397784660080333,0.8466666666666667,0.81,9.753579031967092
2,BasisEmbedding,64,0.4056534785859853,0.47404608889668937,0.8466666666666667,0.81,9.890114237961825
2,BasisEmbedding,65,0.40556544175107384,0.4740990053277002,0.8466666666666667,0.81,10.01739632798126
2,BasisEmbedding,66,0.4054869349863698,0.4741406569510653,0.8466666666666667,0.81,10.14440020499751
2,BasisEmbedding,67,0.4054173391851014,0.4741754552593165,0.8466666666666667,0.81,10.2523403869709
2,BasisEmbedding,68,0.4053560463801699,0.47420789841715943,0.8466666666666667,0.81,10.358572917000856
2,BasisEmbedding,69,0.4053024079870975,0.47424232673724176,0.8466666666666667,0.81,10.47427594900364
2,BasisEmbedding,70,0.4052557188742423,0.47428270296423153,0.8466666666666667,0.81,10.570206103962846
2,BasisEmbedding,71,0.4052152325845025,0.474332422178541,0.8466666666666667,0.81,10.676373246998992
2,BasisEmbedding,72,0.4051801985137304,0.4743941560501577,0.8466666666666667,0.81,10.801440662995446
2,BasisEmbedding,73,0.405149909001185,0.47446973635364437,0.8466666666666667,0.81,10.918696100998204
2,BasisEmbedding,74,0.4051237435243834,0.4745600825878968,0.8466666666666667,0.81,11.034820554952603
2,BasisEmbedding,75,0.40510119886484913,0.47466517772516503,0.8466666666666667,0.81,11.1519320840016
2,BasisEmbedding,76,0.405081898130163,0.47478409424825346,0.8466666666666667,0.81,11.269374194962438
2,BasisEmbedding,77,0.4050655770880182,0.474915069786673,0.8466666666666667,0.81,11.393860545998905
2,BasisEmbedding,78,0.40505205198407146,0.47505562824823533,0.8466666666666667,0.81,11.523540817957837
2,BasisEmbedding,79,0.40504117731930445,0.4752027389676321,0.8466666666666667,0.81,11.652934108977206
2,BasisEmbedding,80,0.40503280384123935,0.4753530036187892,0.8466666666666667,0.81,11.77908570098225
2,BasisEmbedding,81,0.4050267459902072,0.47550285879543724,0.8466666666666667,0.81,11.878195096971467
2,BasisEmbedding,82,0.40502276482853805,0.47564878131073,0.8466666666666667,0.81,11.982219967991114
2,BasisEmbedding,83,0.40502056819429905,0.475787483278511,0.8466666666666667,0.81,12.090280770964455
2,BasisEmbedding,84,0.4050198256871749,0.4759160847753366,0.8466666666666667,0.81,12.19459582696436
2,BasisEmbedding,85,0.40502019308513526,0.4760322533029715,0.8466666666666667,0.81,12.297372222004924
2,BasisEmbedding,86,0.4050213394473644,0.47613430143482766,0.8466666666666667,0.81,12.401919909985736
2,BasisEmbedding,87,0.40502297055810155,0.47622123698910934,0.8466666666666667,0.81,12.574213027954102
2,BasisEmbedding,88,0.4050248441820386,0.4762927637375144,0.8466666666666667,0.81,12.690278163994662
2,BasisEmbedding,89,0.40502677522676994,0.4763492347291727,0.8466666666666667,0.81,12.796248311991803
2,BasisEmbedding,90,0.4050286316103245,0.47639156430384655,0.8466666666666667,0.81,12.909335727978032
2,BasisEmbedding,91,0.4050303237357623,0.47642110824764755,0.8466666666666667,0.81,13.015551715972833
2,BasisEmbedding,92,0.40503179152039387,0.47643952385982025,0.8466666666666667,0.81,13.121633754984941
2,BasisEmbedding,93,0.4050329927744704,0.4764486226991816,0.8466666666666667,0.81,13.228959669009782
2,BasisEmbedding,94,0.4050338955684526,0.47645022844344775,0.8466666666666667,0.81,13.338636784988921
2,BasisEmbedding,95,0.40503447552168614,0.47644605079907004,0.8466666666666667,0.81,13.47552335698856
2,BasisEmbedding,96,0.4050347172503261,0.47643758404009284,0.8466666666666667,0.81,13.603941026958637
2,BasisEmbedding,97,0.40503461802619206,0.4764260358742212,0.8466666666666667,0.81,13.733189625956584
2,BasisEmbedding,98,0.4050341913083515,0.47641228926473206,0.8466666666666667,0.81,13.880558230972383
2,BasisEmbedding,99,0.40503346822175196,0.47639689686872866,0.8466666666666667,0.81,13.98879626695998
2,BasisEmbedding,100,0.4050324960231007,0.4763801051209579,0.8466666666666667,0.81,14.101938328007236
2,AmplitudeEmbedding,0,0.7137631223517462,0.7771655066756149,0.5233333333333333,0.5,0.02355223399354145
2,AmplitudeEmbedding,1,0.6629574927829446,0.7333106404364399,0.5533333333333333,0.51,0.06162608496379107
2,AmplitudeEmbedding,2,0.617528747182076,0.6935649054007361,0.59,0.61,0.10197260300628841
2,AmplitudeEmbedding,3,0.5790898272166332,0.6586876431421806,0.66,0.72,0.14252510998630896
2,AmplitudeEmbedding,4,0.5475645235805053,0.6272271031371449,0.7333333333333333,0.74,0.18112750997534022
2,AmplitudeEmbedding,5,0.5244358491566782,0.5984774575487586,0.7733333333333333,0.76,0.2208561860024929
2,AmplitudeEmbedding,6,0.5079450909655694,0.571678900642382,0.78,0.74,0.25980961899040267
2,AmplitudeEmbedding,7,0.4941897864168095,0.5472171874192293,0.79,0.73,0.29670542699750513
2,AmplitudeEmbedding,8,0.4781125682715241,0.5257843465628126,0.7966666666666666,0.73,0.3314264939981513
2,AmplitudeEmbedding,9,0.4616743140933363,0.5085940078982766,0.82,0.76,0.3688273979933001
2,AmplitudeEmbedding,10,0.4491639646116582,0.4965188001690777,0.8066666666666666,0.79,0.4042775129782967
2,AmplitudeEmbedding,11,0.4372688725480761,0.4853423297898882,0.8133333333333334,0.8,0.44358128897147253
2,AmplitudeEmbedding,12,0.4263024547377672,0.47490994848762086,0.82,0.8,0.47888459998648614
2,AmplitudeEmbedding,13,0.41906362985652035,0.46763165431852677,0.82,0.8,0.5160057210014202
2,AmplitudeEmbedding,14,0.41603429826806576,0.46439768575451884,0.8066666666666666,0.81,0.5505274029565044
2,AmplitudeEmbedding,15,0.4138676167783509,0.46279987900915487,0.8066666666666666,0.81,0.5862326179631054
2,AmplitudeEmbedding,16,0.41085993732684334,0.46149435598525484,0.8133333333333334,0.81,0.62623876897851
2,AmplitudeEmbedding,17,0.40839884764423884,0.4615962827649121,0.82,0.8,0.665225567005109
2,AmplitudeEmbedding,18,0.40761584688885494,0.4636180908689736,0.8233333333333334,0.77,0.703769575979095
2,AmplitudeEmbedding,19,0.4077118108932692,0.4658925821164027,0.8233333333333334,0.79,0.7441756000043824
2,AmplitudeEmbedding,20,0.4070611762988046,0.4661633036494426,0.82,0.8,0.7825655449996702
2,AmplitudeEmbedding,21,0.4054042347601403,0.4643574393960757,0.8166666666666667,0.81,0.8202951140119694
2,AmplitudeEmbedding,22,0.4034302373640282,0.46183272475771625,0.8166666666666667,0.83,0.8572750730090775
2,AmplitudeEmbedding,23,0.40135995841915617,0.4592884168935392,0.82,0.82,0.89223001699429
2,AmplitudeEmbedding,24,0.39885062287689627,0.45642395487962373,0.8233333333333334,0.82,0.9315137809608132
2,AmplitudeEmbedding,25,0.3956873030759026,0.4528378019659138,0.82,0.82,0.9663948129746132
2,AmplitudeEmbedding,26,0.3922142528088904,0.44893643928415483,0.82,0.82,1.0054702179622836
2,AmplitudeEmbedding,27,0.3889953069278149,0.4456428462722491,0.83,0.82,1.0468815679778345
2,AmplitudeEmbedding,28,0.3862808933437192,0.4434950223936515,0.8233333333333334,0.83,1.086944971990306
2,AmplitudeEmbedding,29,0.38402241575981483,0.44246601024639226,0.83,0.84,1.1260238449904136
2,AmplitudeEmbedding,30,0.382205378220594,0.442333638668291,0.84,0.84,1.1693584509775974
2,AmplitudeEmbedding,31,0.38087707458818926,0.4428535090141258,0.8466666666666667,0.85,1.2078175930073485
2,AmplitudeEmbedding,32,0.37994525921953626,0.4437207951200402,0.8466666666666667,0.85,1.2472642009961419
2,AmplitudeEmbedding,33,0.37917730324398435,0.44459575960067654,0.8466666666666667,0.84,1.290027151000686
2,AmplitudeEmbedding,34,0.37842779866798576,0.4451736732583024,0.85,0.84,1.3323324240045622
2,AmplitudeEmbedding,35,0.37774108591285516,0.445259996661709,0.8566666666666667,0.84,1.3696516609634273
2,AmplitudeEmbedding,36,0.3771202299596674,0.444791424972835,0.8566666666666667,0.84,1.4167915979633108
2,AmplitudeEmbedding,37,0.3762590844740815,0.4436883007364086,0.85,0.84,1.4611149589763954
2,AmplitudeEmbedding,38,0.3747598278270646,0.44185173548859347,0.85,0.84,1.5045759700005874
2,AmplitudeEmbedding,39,0.3726509132750172,0.4394491866446584,0.8533333333333334,0.84,1.5424919300130568
2,AmplitudeEmbedding,40,0.3704239315395022,0.43695323052431506,0.8533333333333334,0.84,1.5817460750113241
2,AmplitudeEmbedding,41,0.3685614098345565,0.43480372941680984,0.85,0.85,1.6135971879702993
2,AmplitudeEmbedding,42,0.3671933547021548,0.43312101702195493,0.8466666666666667,0.85,1.6504478820133954
2,AmplitudeEmbedding,43,0.36617807642126154,0.4317192242710922,0.85,0.85,1.6879596099606715
2,AmplitudeEmbedding,44,0.36534519828023665,0.4303422220041103,0.85,0.85,1.731870319985319
2,AmplitudeEmbedding,45,0.364593515160543,0.4288976840969398,0.8533333333333334,0.85,1.783114148012828
2,AmplitudeEmbedding,46,0.3638318786129572,0.42745965512237455,0.8533333333333334,0.85,1.8260085359797813
2,AmplitudeEmbedding,47,0.3629445884121759,0.42609739496420673,0.8533333333333334,0.85,1.8678435980109498
2,AmplitudeEmbedding,48,0.3618848999273823,0.424803703611324,0.85,0.84,1.9032221109955572
2,AmplitudeEmbedding,49,0.36075311837657553,0.4235326948672675,0.85,0.84,1.9401673409738578
2,AmplitudeEmbedding,50,0.3597284157704422,0.4222336627252236,0.8533333333333334,0.84,1.977411868982017
2,AmplitudeEmbedding,51,0.35894814171685385,0.42091178099542753,0.8533333333333334,0.84,2.011366883001756
2,AmplitudeEmbedding,52,0.3584475406827745,0.4196638857698281,0.8533333333333334,0.84,2.0518138149636798
2,AmplitudeEmbedding,53,0.3581576109686216,0.4185916041608536,0.8533333333333334,0.84,2.0903210649848916
2,AmplitudeEmbedding,54,0.35793492389598586,0.4177045738645954,0.8566666666666667,0.84,2.13159166398691
2,AmplitudeEmbedding,55,0.3576294155030768,0.4169431866540001,0.8566666666666667,0.84,2.1742319019977003
2,AmplitudeEmbedding,56,0.35717668035535527,0.41627477387884504,0.8566666666666667,0.84,2.2208434579661116
2,AmplitudeEmbedding,57,0.35663849526425945,0.41573870230195786,0.8566666666666667,0.84,2.262375450984109
2,AmplitudeEmbedding,58,0.35614189282273645,0.4153863968643401,0.8566666666666667,0.84,2.301560942956712
2,AmplitudeEmbedding,59,0.3557793677292633,0.4151928371014322,0.86,0.84,2.340835116978269
2,AmplitudeEmbedding,60,0.35555900309126137,0.4150526624761745,0.86,0.84,2.377351695962716
2,AmplitudeEmbedding,61,0.3554199619207295,0.41486801313676835,0.8566666666666667,0.84,2.415739665972069
2,AmplitudeEmbedding,62,0.3552791808801562,0.4146175968108383,0.8566666666666667,0.84,2.448313369008247
2,AmplitudeEmbedding,63,0.35508045271447003,0.4143384839576881,0.8666666666666667,0.84,2.488060184987262
2,AmplitudeEmbedding,64,0.3548245854972529,0.4140740847397107,0.87,0.84,2.6047925949678756
2,AmplitudeEmbedding,65,0.3545587850841263,0.4138461940577183,0.87,0.84,2.6558856859919615
2,AmplitudeEmbedding,66,0.3543343571838909,0.41365701990328957,0.87,0.83,2.6986164479749277
2,AmplitudeEmbedding,67,0.3541753344936177,0.4135081099354228,0.8733333333333333,0.83,2.7288073459640145
2,AmplitudeEmbedding,68,0.35407569316089754,0.4134108492257792,0.87,0.83,2.764297779009212
2,AmplitudeEmbedding,69,0.35400573493033555,0.4133760858235091,0.87,0.83,2.8007782039931044
2,AmplitudeEmbedding,70,0.35392462993212986,0.4134047926445964,0.87,0.83,2.8362482429947704
2,AmplitudeEmbedding,71,0.3538111190927892,0.41349661008416333,0.87,0.83,2.8705510039580986
2,AmplitudeEmbedding,72,0.3536852689830973,0.41365091386042885,0.87,0.83,2.907123431970831
2,AmplitudeEmbedding,73,0.3535849637104941,0.41383887832544786,0.87,0.83,2.942724474007264
2,AmplitudeEmbedding,74,0.35352434489345236,0.4139881860250587,0.87,0.83,2.9787504249834456
2,AmplitudeEmbedding,75,0.35348681444202606,0.4140257308607545,0.87,0.83,3.0140631269896403
2,AmplitudeEmbedding,76,0.35344959176765917,0.41393529409891605,0.87,0.83,3.052252248977311
2,AmplitudeEmbedding,77,0.3534013785222949,0.4137574024630715,0.87,0.83,3.087493844970595
2,AmplitudeEmbedding,78,0.3533425040802822,0.4135426404947114,0.8666666666666667,0.83,3.125081237987615
2,AmplitudeEmbedding,79,0.35328067598852864,0.4133198471875754,0.87,0.83,3.1611681479844265
2,AmplitudeEmbedding,80,0.35322601418367156,0.41309880191590126,0.87,0.83,3.1965364619973116
2,AmplitudeEmbedding,81,0.3531836659174739,0.41288551957361763,0.87,0.83,3.2334971739910543
2,AmplitudeEmbedding,82,0.3531500403533425,0.4126900847140162,0.87,0.83,3.270759671984706
2,AmplitudeEmbedding,83,0.353117218885965,0.41252293279926083,0.87,0.83,3.308919971983414
2,AmplitudeEmbedding,84,0.35308031355928127,0.41238523294872786,0.87,0.83,3.3446905550081283
2,AmplitudeEmbedding,85,0.35304051853632923,0.41226292164247974,0.87,0.83,3.3855615810025483
2,AmplitudeEmbedding,86,0.3530030000299638,0.4121326275323404,0.87,0.83,3.4197935719857924
2,AmplitudeEmbedding,87,0.35297275065366335,0.4119775742114172,0.8733333333333333,0.83,3.460327328008134
2,AmplitudeEmbedding,88,0.3529506156027617,0.4117992259547435,0.8733333333333333,0.83,3.4979994659661315
2,AmplitudeEmbedding,89,0.3529322092995921,0.41161400319585534,0.8733333333333333,0.83,3.5375386779778637
2,AmplitudeEmbedding,90,0.3529122680343884,0.41144142671718426,0.8733333333333333,0.83,3.5808035979862325
2,AmplitudeEmbedding,91,0.3528902791287404,0.4112954758778494,0.87,0.83,3.625693953013979
2,AmplitudeEmbedding,92,0.35286970089357206,0.4111818174879191,0.87,0.83,3.6865182939800434
2,AmplitudeEmbedding,93,0.35285229713625255,0.41109910227881064,0.87,0.83,3.731299656967167
2,AmplitudeEmbedding,94,0.3528364474426137,0.4110435631691998,0.87,0.83,3.773655383964069
2,AmplitudeEmbedding,95,0.35282067604244993,0.4110131776562191,0.87,0.83,3.823216506978497
2,AmplitudeEmbedding,96,0.3528055094841077,0.41100662063628485,0.87,0.83,3.8824286069720984
2,AmplitudeEmbedding,97,0.3527914674360513,0.41101879389970813,0.87,0.83,3.9231638979981653
2,AmplitudeEmbedding,98,0.3527777014666943,0.41103945298522765,0.87,0.83,4.011459149012808
2,AmplitudeEmbedding,99,0.35276346030349115,0.411057122338311,0.87,0.83,4.0629822339979
2,AmplitudeEmbedding,100,0.3527495297439891,0.4110639987563785,0.8733333333333333,0.83,4.130345023004338
3,AngleEmbedding,0,1.3388845218340346,1.096627708380572,0.61,0.66,0.03490187495481223
3,AngleEmbedding,1,1.1436472138335447,0.9413775758795424,0.6566666666666666,0.69,0.08328206598525867
3,AngleEmbedding,2,0.9780305266077791,0.8051602895903741,0.68,0.74,0.13288827799260616
3,AngleEmbedding,3,0.8543422016496726,0.707956412001984,0.68,0.76,0.17593851999845356
3,AngleEmbedding,4,0.7590093810900913,0.634534646341497,0.6866666666666666,0.78,0.2175303299445659
3,AngleEmbedding,5,0.6790039040417305,0.572281531622225,0.7166666666666667,0.79,0.2599738459684886
3,AngleEmbedding,6,0.609681646891269,0.5171165429317897,0.73,0.8,0.30229502194561064
3,AngleEmbedding,7,0.551396349089329,0.4696468823896567,0.7533333333333333,0.8,0.344276143994648
3,AngleEmbedding,8,0.5050030955211586,0.4310472280896624,0.76,0.81,0.38567608495941386
3,AngleEmbedding,9,0.470731523201893,0.40194420042847023,0.7466666666666667,0.82,0.43082654394675046
3,AngleEmbedding,10,0.4475991610546466,0.3818775755496282,0.77,0.82,0.4724900329601951
3,AngleEmbedding,11,0.4333645008733014,0.36923980644043863,0.79,0.85,0.516871829982847
3,AngleEmbedding,12,0.4250884210885514,0.3617270091946839,0.7933333333333333,0.86,0.5705417739809491
3,AngleEmbedding,13,0.4199004040660105,0.3569810680449689,0.8,0.89,0.6151369419530965
3,AngleEmbedding,14,0.4155417764390028,0.35307038868086993,0.8033333333333333,0.9,0.6590580979827791
3,AngleEmbedding,15,0.41042992127465705,0.3485783475591542,0.8033333333333333,0.91,0.7026936299516819
3,AngleEmbedding,16,0.403530351907132,0.3425310832746483,0.8066666666666666,0.91,0.7465867409482598
3,AngleEmbedding,17,0.39445770318940476,0.3345288994876759,0.81,0.91,0.7883723429986276
3,AngleEmbedding,18,0.38382154197096296,0.32509976688729386,0.8233333333333334,0.9,0.8295508189476095
3,AngleEmbedding,19,0.3732691561316736,0.3157671512762685,0.8233333333333334,0.89,0.8710293919430114
3,AngleEmbedding,20,0.36495344906015653,0.30858194589718463,0.8233333333333334,0.89,0.9156543899443932
3,AngleEmbedding,21,0.3605296174691011,0.3051976578128692,0.83,0.89,0.9626202849904075
3,AngleEmbedding,22,0.3601358018053652,0.3058874240824308,0.8366666666666667,0.89,1.0063886109855957
3,AngleEmbedding,23,0.36214859607419037,0.30923329344246664,0.8433333333333334,0.88,1.0535896349465474
3,AngleEmbedding,24,0.36410573003018193,0.31287582316803225,0.8533333333333334,0.88,1.0993976699537598
3,AngleEmbedding,25,0.3641924817152802,0.31487307151954225,0.85,0.9,1.144158887967933
3,AngleEmbedding,26,0.36209868938015044,0.3147137410366363,0.85,0.9,1.177435498975683
3,AngleEmbedding,27,0.3587314227161402,0.3133534774981132,0.8533333333333334,0.91,1.216789098980371
3,AngleEmbedding,28,0.35530364300659006,0.31224818354840655,0.8533333333333334,0.9,1.275285562966019
3,AngleEmbedding,29,0.35258519157594925,0.31226186446496124,0.8466666666666667,0.9,1.3132865729858167
3,AngleEmbedding,30,0.35075634157711516,0.31340229544039483,0.8566666666666667,0.9,1.3693339449819177
3,AngleEmbedding,31,0.34965176550195964,0.3151883135136998,0.8533333333333334,0.9,1.4089055459480733
3,AngleEmbedding,32,0.3489531492785,0.3170006767351352,0.8533333333333334,0.91,1.4766741979983635
3,AngleEmbedding,33,0.3482234022693486,0.31821955242028815,0.8566666666666667,0.91,1.515104142948985
3,AngleEmbedding,34,0.34695083608194766,0.3183088958458219,0.8566666666666667,0.91,1.5600821959669702
3,AngleEmbedding,35,0.34477251709126505,0.31701088484014667,0.86,0.91,1.6096693689469248
3,AngleEmbedding,36,0.3417193680222382,0.31452271187386915,0.8633333333333333,0.91,1.663294859987218
3,AngleEmbedding,37,0.33822347942160985,0.3114485460849173,0.8633333333333333,0.92,1.7012313569430262
3,AngleEmbedding,38,0.33493227046110374,0.3085759242359652,0.87,0.92,1.7530195479630493
3,AngleEmbedding,39,0.33244923031821594,0.30659031728351377,0.8766666666666667,0.93,1.7964955829665996
3,AngleEmbedding,40,0.3310720178076023,0.3058135796680797,0.8766666666666667,0.93,1.843721104960423
3,AngleEmbedding,41,0.3306452811773779,0.30608395038647485,0.88,0.92,1.8922460559988394
3,AngleEmbedding,42,0.3306693344847247,0.30687943978457727,0.88,0.91,1.933873418951407
3,AngleEmbedding,43,0.3306328854318286,0.3076378996096159,0.88,0.91,1.9830684689804912
3,AngleEmbedding,44,0.33030578988343107,0.30805268657364165,0.8833333333333333,0.91,2.0313273619976826
3,AngleEmbedding,45,0.3297870170169198,0.3081514386970282,0.88,0.92,2.0840700729750097
3,AngleEmbedding,46,0.3293429975536822,0.30816355508654436,0.88,0.92,2.1263455959851854
3,AngleEmbedding,47,0.3291856503651484,0.3083105983059844,0.88,0.92,2.167256478976924
3,AngleEmbedding,48,0.3293258547782363,0.3086564108367563,0.88,0.92,2.208901572972536
3,AngleEmbedding,49,0.329570595013268,0.30908793220466785,0.8733333333333333,0.92,2.2498407139792107
3,AngleEmbedding,50,0.32964102798209405,0.30940874706777005,0.8733333333333333,0.92,2.2908277299720794
3,AngleEmbedding,51,0.3293280986463759,0.30947015708281217,0.8733333333333333,0.92,2.335804322967306
3,AngleEmbedding,52,0.3285981993721455,0.3092611669178456,0.8733333333333333,0.92,2.3775454909773543
3,AngleEmbedding,53,0.32759861762158965,0.3089117431138708,0.8733333333333333,0.92,2.4187295959563926
3,AngleEmbedding,54,0.3265707878957476,0.30861548266209465,0.8766666666666667,0.92,2.459642775997054
3,AngleEmbedding,55,0.32572449078174354,0.3085199552065923,0.88,0.92,2.501022345968522
3,AngleEmbedding,56,0.32513990401570536,0.308646663773036,0.8833333333333333,0.92,2.5421870599966496
3,AngleEmbedding,57,0.32475016829002207,0.3088874804378074,0.8833333333333333,0.92,2.587610975955613
3,AngleEmbedding,58,0.3244125613489882,0.30908010374733974,0.8833333333333333,0.92,2.629994970979169
3,AngleEmbedding,59,0.324017046588454,0.3091113341271561,0.8833333333333333,0.92,2.6728992689750157
3,AngleEmbedding,60,0.32355473434491844,0.308978350611225,0.8833333333333333,0.92,2.7150159669690765
3,AngleEmbedding,61,0.3231028594441991,0.3087717888035096,0.8833333333333333,0.92,2.755689666955732
3,AngleEmbedding,62,0.3227474943641099,0.30859947481973926,0.8833333333333333,0.92,2.7968128359643742
3,AngleEmbedding,63,0.3225083401078562,0.30850799345342744,0.88,0.91,2.8385184399667196
3,AngleEmbedding,64,0.3223222870155044,0.30845867118295056,0.8766666666666667,0.91,2.8816181689617224
3,AngleEmbedding,65,0.32209273471502375,0.30837152987534405,0.8766666666666667,0.91,2.923961974971462
3,AngleEmbedding,66,0.32176059134628604,0.3081963998673426,0.8766666666666667,0.91,2.965227809967473
3,AngleEmbedding,67,0.32134208470369513,0.3079532550559371,0.8766666666666667,0.91,3.0186836879584007
3,AngleEmbedding,68,0.32091128095214005,0.30771564390392864,0.88,0.91,3.062410910963081
3,AngleEmbedding,69,0.3205474184994961,0.30755681502488,0.88,0.91,3.1048922369955108
3,AngleEmbedding,70,0.32028676387394467,0.30750091628728243,0.8766666666666667,0.91,3.146376993972808
3,AngleEmbedding,71,0.3201092750504308,0.3075124729071757,0.8766666666666667,0.91,3.1886951139895245
3,AngleEmbedding,72,0.31996344522675507,0.3075278815639944,0.8766666666666667,0.91,3.2305864839581773
3,AngleEmbedding,73,0.3198064737240468,0.30750305955271756,0.8766666666666667,0.91,3.273994077986572
3,AngleEmbedding,74,0.3196291821269805,0.3074422693284397,0.8733333333333333,0.91,3.318690265994519
3,AngleEmbedding,75,0.3194505564873873,0.30739058000301145,0.8733333333333333,0.91,3.363417063956149
3,AngleEmbedding,76,0.31929157271914166,0.30740076187088106,0.8733333333333333,0.91,3.414601315977052
3,AngleEmbedding,77,0.31915270169888915,0.3075020988504851,0.87,0.91,3.459603322960902
3,AngleEmbedding,78,0.3190139456604684,0.30769272560643474,0.87,0.91,3.502548037969973
3,AngleEmbedding,79,0.318855427273323,0.3079553228723589,0.87,0.91,3.5426393279922195
3,AngleEmbedding,80,0.318678381446089,0.3082770599455524,0.8666666666666667,0.91,3.5867584429797716
3,AngleEmbedding,81,0.3185069376864013,0.30865433414899407,0.8633333333333333,0.91,3.6283975429832935
3,AngleEmbedding,82,0.3183691235433134,0.30907998000217446,0.8666666666666667,0.91,3.6677326489589177
3,AngleEmbedding,83,0.3182743159058385,0.30952854476053754,0.8666666666666667,0.91,3.7102883389452472
3,AngleEmbedding,84,0.3182071082752145,0.3099571520738858,0.8666666666666667,0.91,3.75284167798236
3,AngleEmbedding,85,0.3181419638336624,0.31032396628617404,0.8633333333333333,0.91,3.794141349964775
3,AngleEmbedding,86,0.31806392319841953,0.3106090598816355,0.8633333333333333,0.91,3.834704074950423
3,AngleEmbedding,87,0.3179766122278069,0.31082067666090635,0.8633333333333333,0.91,3.8780671659624204
3,AngleEmbedding,88,0.31789291678734277,0.3109839530701468,0.8566666666666667,0.91,3.927514215989504
3,AngleEmbedding,89,0.31782031098651703,0.3111240029246559,0.8533333333333334,0.91,3.970776569971349
3,AngleEmbedding,90,0.31775548661001835,0.3112572415143351,0.8533333333333334,0.91,4.009091507992707
3,AngleEmbedding,91,0.3176912171774435,0.31139413070217653,0.8533333333333334,0.91,4.050432512944099
3,AngleEmbedding,92,0.3176259769208596,0.3115451119853359,0.8533333333333334,0.91,4.096432769962121
3,AngleEmbedding,93,0.317565885233407,0.31172047514434525,0.8533333333333334,0.91,4.151192577963229
3,AngleEmbedding,94,0.3175179419310094,0.3119236699566722,0.8533333333333334,0.91,4.199706754996441
3,AngleEmbedding,95,0.3174823707740127,0.3121458826010389,0.8533333333333334,0.91,4.24263636500109
3,AngleEmbedding,96,0.3174518399473343,0.31236918702140665,0.8533333333333334,0.91,4.283646709984168
3,AngleEmbedding,97,0.3174178097586444,0.31257738261879964,0.8533333333333334,0.91,4.326640934974421
3,AngleEmbedding,98,0.3173774411449739,0.31276614758904947,0.85,0.91,4.371102999954019
3,AngleEmbedding,99,0.31733473280504304,0.31294456838460133,0.85,0.91,4.413712218985893
3,AngleEmbedding,100,0.3172957079734346,0.3131276571414712,0.8466666666666667,0.91,4.455062936991453
3,BasisEmbedding,0,2.365445581898141,2.7674579902900525,0.36,0.25,0.06936737499199808
3,BasisEmbedding,1,2.003051528759566,2.339733232829538,0.36,0.25,0.2795480029890314
3,BasisEmbedding,2,1.7309674182399555,2.0170176371126467,0.36,0.25,0.42163078096928075
3,BasisEmbedding,3,1.518729359303443,1.7634149818184846,0.36,0.25,0.5459417629754171
3,BasisEmbedding,4,1.3460576211511,1.555335644794876,0.36,0.25,0.6719133629812859
3,BasisEmbedding,5,1.203894512577284,1.3824193894609156,0.36,0.25,0.7903434470063075
3,BasisEmbedding,6,1.0863641641966864,1.2380671074882716,0.36,0.25,0.9161182009847835
3,BasisEmbedding,7,0.9887793172428864,1.1171019934454094,0.36,0.25,1.0545538250007667
3,BasisEmbedding,8,0.9069076801778961,1.0148054725113935,0.36,0.25,1.1711776009760797
3,BasisEmbedding,9,0.8372307668208435,0.9271603323413429,0.36,0.25,1.4645510640111752
3,BasisEmbedding,10,0.7773717813985759,0.8514782600497738,0.36,0.25,1.5886655210051686
3,BasisEmbedding,11,0.7258984084662081,0.786218457734363,0.36,0.25,1.7392647739616223
3,BasisEmbedding,12,0.6818154197735289,0.7303247203551965,0.36,0.25,1.877216266002506
3,BasisEmbedding,13,0.6441969636255008,0.682711167652138,0.5966666666666667,0.53,1.9930550149874762
3,BasisEmbedding,14,0.6120799440770783,0.6421506020052157,0.82,0.83,2.1125389699591324
3,BasisEmbedding,15,0.5845783730856892,0.6074889552817471,0.82,0.83,2.2306104349554516
3,BasisEmbedding,16,0.5610049451179542,0.5778217654487094,0.82,0.83,2.358345601998735
3,BasisEmbedding,17,0.5408812628698085,0.5525325246667958,0.82,0.83,2.4781480689998716
3,BasisEmbedding,18,0.5238705962454546,0.531228833243075,0.82,0.83,2.604301284009125
3,BasisEmbedding,19,0.5097265120814001,0.513619304909135,0.82,0.83,2.730335271975491
3,BasisEmbedding,20,0.49827808784892264,0.4994207631411857,0.82,0.83,2.8384582200087607
3,BasisEmbedding,21,0.4893653644297993,0.4882882006001519,0.82,0.83,2.9407181100104935
3,BasisEmbedding,22,0.48274626767230494,0.479740732024903,0.82,0.83,3.043226496956777
3,BasisEmbedding,23,0.4780618525395016,0.47316615181932176,0.82,0.83,3.185963182011619
3,BasisEmbedding,24,0.47489842829124523,0.467962790033297,0.82,0.83,3.300790869980119
3,BasisEmbedding,25,0.4728767897727694,0.4636830424830759,0.82,0.83,3.398959902988281
3,BasisEmbedding,26,0.4716751968689694,0.4600476161922228,0.82,0.83,3.4938223430071957
3,BasisEmbedding,27,0.47100498092958193,0.4568864154916146,0.82,0.83,3.606542358000297
3,BasisEmbedding,28,0.4706020182692411,0.45407770061388447,0.82,0.83,3.711388357973192
3,BasisEmbedding,29,0.4702530381873286,0.45151469059872723,0.82,0.83,3.813255106972065
3,BasisEmbedding,30,0.4698182574224245,0.44909740919519836,0.82,0.83,3.9246785059804097
3,BasisEmbedding,31,0.46922339004901725,0.4467240663469393,0.82,0.83,4.028310538968071
3,BasisEmbedding,32,0.46843885596737794,0.44428692787861734,0.82,0.83,4.133444504986983
3,BasisEmbedding,33,0.467475790978076,0.44171580805265237,0.82,0.83,4.240391590981744
3,BasisEmbedding,34,0.46640253293725975,0.4390509918543814,0.82,0.83,4.342344702978153
3,BasisEmbedding,35,0.4653407047273117,0.4364442342820965,0.82,0.83,4.446142105967738
3,BasisEmbedding,36,0.4644255683300815,0.4340790507666911,0.82,0.83,4.611964923969936
3,BasisEmbedding,37,0.46376084994676847,0.4320850842311716,0.82,0.83,4.716764147975482
3,BasisEmbedding,38,0.46339008842247237,0.43049229289144014,0.82,0.83,4.81770123296883
3,BasisEmbedding,39,0.4632889299646833,0.4292340002013287,0.82,0.83,4.915872589976061
3,BasisEmbedding,40,0.4633798071127425,0.4281893305705794,0.82,0.83,5.016199272009544
3,BasisEmbedding,41,0.46356485583530277,0.4272424008881005,0.82,0.83,5.114458296971861
3,BasisEmbedding,42,0.4637595663983891,0.4263288489134289,0.82,0.83,5.2215117639862
3,BasisEmbedding,43,0.4639078191254909,0.42545001528030324,0.82,0.83,5.322950350004248
3,BasisEmbedding,44,0.4639766832698822,0.42465548238237943,0.82,0.83,5.426495418010745
3,BasisEmbedding,45,0.4639489226217433,0.4240095730606933,0.82,0.83,5.531308547011577
3,BasisEmbedding,46,0.4638273147521039,0.42356540074163734,0.82,0.83,5.673556456982624
3,BasisEmbedding,47,0.4636408778243547,0.4233638269834487,0.82,0.83,5.818008851958439
3,BasisEmbedding,48,0.46344291672781734,0.4234448244318525,0.82,0.83,5.968018970976118
3,BasisEmbedding,49,0.46330384586381834,0.4238437244413939,0.82,0.83,6.086808435968123
3,BasisEmbedding,50,0.46329043511760093,0.42453448222876494,0.82,0.83,6.201943169988226
3,BasisEmbedding,51,0.4633991901422246,0.4252860795946489,0.82,0.83,6.341830254998058
3,BasisEmbedding,52,0.4635144623945115,0.4257235404508586,0.82,0.83,6.4615203269640915
3,BasisEmbedding,53,0.4635483207995522,0.4257201909283349,0.82,0.83,6.579682893003337
3,BasisEmbedding,54,0.4635065666019536,0.42537235174699256,0.82,0.83,6.702753140998539
3,BasisEmbedding,55,0.46343683046474143,0.42484260927605405,0.82,0.83,6.844502172956709
3,BasisEmbedding,56,0.4633812662709471,0.424298878726136,0.82,0.83,6.971578430966474
3,BasisEmbedding,57,0.4633509006617034,0.4238847246693453,0.82,0.83,7.124486354005057
3,BasisEmbedding,58,0.4633284811837452,0.42369259287027417,0.82,0.83,7.23131745797582
3,BasisEmbedding,59,0.46329796996214156,0.4237511622776337,0.82,0.83,7.332691153977066
3,BasisEmbedding,60,0.4632653875057712,0.42403976076821187,0.82,0.83,7.433311901986599
3,BasisEmbedding,61,0.4632487846357263,0.42450604459666264,0.82,0.83,7.531736354983877
3,BasisEmbedding,62,0.4632569769021243,0.42507253147198243,0.82,0.83,7.708189109980594
3,BasisEmbedding,63,0.463279642165579,0.4256452115786693,0.82,0.83,7.809734221955296
3,BasisEmbedding,64,0.4632948673532324,0.4261344868032997,0.82,0.83,7.910121936991345
3,BasisEmbedding,65,0.4632862202356904,0.42648140154480735,0.82,0.83,8.016309622966219
3,BasisEmbedding,66,0.4632547216121829,0.4266725080583564,0.82,0.83,8.13253465195885
3,BasisEmbedding,67,0.46321673314026857,0.42673406503383693,0.82,0.83,8.240421511989553
3,BasisEmbedding,68,0.46319143998207496,0.4267117536677096,0.82,0.83,8.339188195997849
3,BasisEmbedding,69,0.4631886381149466,0.4266500447545045,0.82,0.83,8.45709848497063
3,BasisEmbedding,70,0.46320458532659264,0.4265813351683698,0.82,0.83,8.57226778799668
3,BasisEmbedding,71,0.4632263481771808,0.4265256843968516,0.82,0.83,8.681740021973383
3,BasisEmbedding,72,0.4632401193622843,0.42649558186174724,0.82,0.83,8.786739424976986
3,BasisEmbedding,73,0.4632384272832135,0.4264998190331121,0.82,0.83,8.891501536010765
3,BasisEmbedding,74,0.4632230783605225,0.42654383419699066,0.82,0.83,8.995707175985444
3,BasisEmbedding,75,0.4632030541500432,0.42662706030658515,0.82,0.83,9.10044366098009
3,BasisEmbedding,76,0.46318884578405584,0.4267394297049508,0.82,0.83,9.215091700956691
3,BasisEmbedding,77,0.4631863995624791,0.42685982173748926,0.82,0.83,9.369484130002093
3,BasisEmbedding,78,0.4631941102698673,0.4269590036793477,0.82,0.83,9.513121633965056
3,BasisEmbedding,79,0.46320461726346757,0.42700775681499487,0.82,0.83,9.620417174999602
3,BasisEmbedding,80,0.46321009225086507,0.42698746575400753,0.82,0.83,9.733588239003439
3,BasisEmbedding,81,0.463207228899236,0.426897766698199,0.82,0.83,9.856836477003526
3,BasisEmbedding,82,0.46319850950403624,0.4267568334876715,0.82,0.83,9.971805965004023
3,BasisEmbedding,83,0.4631894461436864,0.42659433048197853,0.82,0.83,10.102821946959011
3,BasisEmbedding,84,0.46318448354141517,0.4264411802170357,0.82,0.83,10.257502338965423
3,BasisEmbedding,85,0.46318460164836095,0.42632098055364237,0.82,0.83,10.429935836000368
3,BasisEmbedding,86,0.4631877014574954,0.42624567504302213,0.82,0.83,10.619079758005682
3,BasisEmbedding,87,0.46319070990286,0.4262154133944875,0.82,0.83,10.733494052954484
3,BasisEmbedding,88,0.46319158615722217,0.42622112238622856,0.82,0.83,10.833613552968018
3,BasisEmbedding,89,0.4631900971316268,0.4262482288301932,0.82,0.83,11.053018810984213
3,BasisEmbedding,90,0.4631873688747932,0.4262804811112595,0.82,0.83,11.172429283964448
3,BasisEmbedding,91,0.4631848915945991,0.42630323774993073,0.82,0.83,11.34353969496442
3,BasisEmbedding,92,0.46318365775251646,0.42630582024887204,0.82,0.83,11.490696751978248
3,BasisEmbedding,93,0.46318379006300187,0.4262827996995951,0.82,0.83,11.626419614010956
3,BasisEmbedding,94,0.46318470026947994,0.42623439991122725,0.82,0.83,11.759367346006911
3,BasisEmbedding,95,0.4631855819594178,0.4261662547340847,0.82,0.83,11.884216596954502
3,BasisEmbedding,96,0.4631858976758396,0.42608851223597244,0.82,0.83,12.003527502994984
3,BasisEmbedding,97,0.4631855724298066,0.4260141128460381,0.82,0.83,12.139673174999189
3,BasisEmbedding,98,0.46318485785580077,0.4259562765512433,0.82,0.83,12.270938772999216
3,BasisEmbedding,99,0.46318407402666445,0.42592566291673717,0.82,0.83,12.392814047983848
3,BasisEmbedding,100,0.46318345127136734,0.4259279430366412,0.82,0.83,12.52396962896455
3,AmplitudeEmbedding,0,0.7759091850853465,0.7031016214907436,0.4666666666666667,0.47,0.03845987998647615
3,AmplitudeEmbedding,1,0.7338618953652662,0.6542246249378604,0.5133333333333333,0.52,0.10234499396756291
3,AmplitudeEmbedding,2,0.6923582173706073,0.614946345666222,0.55,0.55,0.16961537301540375
3,AmplitudeEmbedding,3,0.6508336480809773,0.5794170043651252,0.6333333333333333,0.7,0.22387395898113027
3,AmplitudeEmbedding,4,0.6112336848707103,0.5474603703417235,0.7033333333333334,0.77,0.270976684987545
3,AmplitudeEmbedding,5,0.5750395845540043,0.5197787403274369,0.7333333333333333,0.78,0.3165103889768943
3,AmplitudeEmbedding,6,0.5432509658775722,0.49717444160222163,0.7466666666666667,0.83,0.3585324920131825
3,AmplitudeEmbedding,7,0.5155049619496587,0.4787901601580499,0.77,0.84,0.4043299399781972
3,AmplitudeEmbedding,8,0.4907122291480357,0.46307648472107776,0.7966666666666666,0.86,0.44958671799395233
3,AmplitudeEmbedding,9,0.468461713734125,0.44712953043608755,0.8066666666666666,0.86,0.4941772799938917
3,AmplitudeEmbedding,10,0.4487010956312259,0.43099757975711817,0.82,0.86,0.5445908959954977
3,AmplitudeEmbedding,11,0.4313479367717265,0.4173790631798541,0.8333333333333334,0.86,0.59291113197105
3,AmplitudeEmbedding,12,0.41592720870921274,0.40658825947510613,0.8466666666666667,0.87,0.6390011999756098
3,AmplitudeEmbedding,13,0.4021902694276308,0.39724235060840896,0.8433333333333334,0.86,0.6854041650076397
3,AmplitudeEmbedding,14,0.39021507805990097,0.38872291291289324,0.84,0.86,0.7277804570039734
3,AmplitudeEmbedding,15,0.3803973153950119,0.38146055745001234,0.84,0.86,0.7747547329636291
3,AmplitudeEmbedding,16,0.37316681479144975,0.37618849151009753,0.8433333333333334,0.86,0.8254618049832061
3,AmplitudeEmbedding,17,0.36854993549172366,0.3728032883265878,0.8466666666666667,0.86,0.8801068909815513
3,AmplitudeEmbedding,18,0.3661912491888747,0.3702495962109783,0.8533333333333334,0.86,0.9240839270059951
3,AmplitudeEmbedding,19,0.36546297305508096,0.36756453472236084,0.8533333333333334,0.88,0.9743021739996038
3,AmplitudeEmbedding,20,0.36504873480379646,0.3642871499751428,0.8533333333333334,0.88,1.0256672999821603
3,AmplitudeEmbedding,21,0.36425996236069896,0.36097126425053333,0.85,0.88,1.0736408819793724
3,AmplitudeEmbedding,22,0.36309068259115634,0.35843688723100825,0.8566666666666667,0.88,1.1212636830168776
3,AmplitudeEmbedding,23,0.3614240164616842,0.35744695896112755,0.8566666666666667,0.88,1.1625596219673753
3,AmplitudeEmbedding,24,0.35959177412736726,0.3582738821926082,0.8533333333333334,0.87,1.1968685659812763
3,AmplitudeEmbedding,25,0.35820555304400864,0.36019537888070485,0.8566666666666667,0.86,1.232835275994148
3,AmplitudeEmbedding,26,0.35735033519739806,0.3615003656640088,0.8466666666666667,0.86,1.2676060340018012
3,AmplitudeEmbedding,27,0.3567721968680789,0.36105561464448427,0.8466666666666667,0.86,1.3032998249982484
3,AmplitudeEmbedding,28,0.35636558603205915,0.35887586362514234,0.8466666666666667,0.86,1.3400670709670521
3,AmplitudeEmbedding,29,0.35604953687240803,0.35538041893263406,0.85,0.86,1.3768233350128867
3,AmplitudeEmbedding,30,0.355727837614409,0.3512922581881599,0.8566666666666667,0.87,1.4178266499657184
3,AmplitudeEmbedding,31,0.35531731593100613,0.34757507452801517,0.8566666666666667,0.87,1.4675354349892586
3,AmplitudeEmbedding,32,0.3548521919113266,0.3450369791264466,0.8533333333333334,0.88,1.5231266139890067
3,AmplitudeEmbedding,33,0.354546071354559,0.3440996656705337,0.85,0.88,1.5643861910211854
3,AmplitudeEmbedding,34,0.35443499462712696,0.344743115046351,0.8466666666666667,0.88,1.6078241349896416
3,AmplitudeEmbedding,35,0.3544077814181578,0.3465449658347808,0.8433333333333334,0.88,1.6516795830102637
3,AmplitudeEmbedding,36,0.35469371748118594,0.34857662098714576,0.8433333333333334,0.88,1.6925406769732945
3,AmplitudeEmbedding,37,0.3549504155614104,0.3491034158425555,0.8433333333333334,0.88,1.730762418010272
3,AmplitudeEmbedding,38,0.3547168242508191,0.3473796385283415,0.8466666666666667,0.88,1.7711294959881343
3,AmplitudeEmbedding,39,0.3545125949993735,0.3447983922415627,0.8566666666666667,0.88,1.8084263369673863
3,AmplitudeEmbedding,40,0.3546432030742842,0.3431063138406069,0.86,0.88,1.8483429499901831
3,AmplitudeEmbedding,41,0.35479919019948364,0.3430356600885232,0.86,0.88,1.8890698960167356
3,AmplitudeEmbedding,42,0.35478085915716434,0.344494308395271,0.86,0.88,1.9279093199875206
3,AmplitudeEmbedding,43,0.3546941068015413,0.3470086521989667,0.8533333333333334,0.88,1.966527828015387
3,AmplitudeEmbedding,44,0.3546842321905715,0.34976199579925543,0.85,0.88,2.001972960017156
3,AmplitudeEmbedding,45,0.35470518009633023,0.35169720504509094,0.85,0.88,2.055991244968027
3,AmplitudeEmbedding,46,0.3546414355907729,0.3520661202751009,0.85,0.88,2.0976023789844476
3,AmplitudeEmbedding,47,0.3545077101294488,0.3509032296360437,0.85,0.88,2.133093887998257
3,AmplitudeEmbedding,48,0.35436224434966895,0.34883109299154486,0.85,0.88,2.180423696991056
3,AmplitudeEmbedding,49,0.35420900304488007,0.3466005695154864,0.8566666666666667,0.88,2.2185532489675097
3,AmplitudeEmbedding,50,0.35407947113676985,0.34486926505880483,0.86,0.88,2.258185398997739
3,AmplitudeEmbedding,51,0.3540099705364605,0.34402658575960954,0.86,0.88,2.3182176430127583
3,AmplitudeEmbedding,52,0.3539354741741305,0.3440204664016002,0.86,0.88,2.3551239549997263
3,AmplitudeEmbedding,53,0.35376599359828176,0.34454541917738757,0.86,0.88,2.389610902988352
3,AmplitudeEmbedding,54,0.3535502342096554,0.34542486143990936,0.8533333333333334,0.88,2.427937746979296
3,AmplitudeEmbedding,55,0.35339369417984473,0.346596459085433,0.8466666666666667,0.88,2.4647844479768537
3,AmplitudeEmbedding,56,0.3532854774040359,0.3478612263080847,0.8466666666666667,0.88,2.503191755968146
3,AmplitudeEmbedding,57,0.35315674771916133,0.34889616050649286,0.8466666666666667,0.88,2.539965011004824
3,AmplitudeEmbedding,58,0.35300692059340266,0.3494611352774505,0.8433333333333334,0.88,2.576386659988202
3,AmplitudeEmbedding,59,0.3528778286103121,0.3494881119041884,0.8466666666666667,0.88,2.6118648119736463
3,AmplitudeEmbedding,60,0.3527746746323826,0.34905683204163745,0.85,0.88,2.6562937980052084
3,AmplitudeEmbedding,61,0.3526727426212411,0.34839101689693985,0.8533333333333334,0.88,2.7129315299680457
3,AmplitudeEmbedding,62,0.3525651104275946,0.3478151215617812,0.8533333333333334,0.88,2.7616285050171427
3,AmplitudeEmbedding,63,0.3524621513687963,0.3476037203698812,0.8533333333333334,0.88,2.8011239399784245
3,AmplitudeEmbedding,64,0.35237287346036117,0.3478441863097034,0.8533333333333334,0.88,2.834880486014299
3,AmplitudeEmbedding,65,0.35230392132086746,0.3484075953935855,0.8533333333333334,0.88,2.8713250209693797
3,AmplitudeEmbedding,66,0.35225545332593244,0.34901100544920133,0.85,0.88,2.9300536349765025
3,AmplitudeEmbedding,67,0.3522103352547084,0.34935886921681153,0.85,0.88,2.976579144014977
3,AmplitudeEmbedding,68,0.352154123430368,0.3493337886496054,0.85,0.88,3.0118711609975435
3,AmplitudeEmbedding,69,0.35210199226629213,0.3490821251874926,0.85,0.88,3.047943821991794
3,AmplitudeEmbedding,70,0.3520733969310793,0.3488863554791171,0.8533333333333334,0.88,3.087735168985091
3,AmplitudeEmbedding,71,0.3520616101074439,0.3489600005328709,0.8533333333333334,0.88,3.138150513987057
3,AmplitudeEmbedding,72,0.35204994581196464,0.3493444857870946,0.8533333333333334,0.88,3.185809231013991
3,AmplitudeEmbedding,73,0.35203580249106026,0.3499232057015933,0.85,0.88,3.240101669973228
3,AmplitudeEmbedding,74,0.3520259527997575,0.35048642740820435,0.85,0.88,3.3434643159853294
3,AmplitudeEmbedding,75,0.3520209652506073,0.3508207868114293,0.85,0.88,3.380470909003634
3,AmplitudeEmbedding,76,0.3520166919114114,0.35081305221393494,0.85,0.88,3.4187274709693156
3,AmplitudeEmbedding,77,0.35201390360455176,0.3505131646535004,0.8533333333333334,0.88,3.456582652986981
3,AmplitudeEmbedding,78,0.3520148760272508,0.3501042385138547,0.8533333333333334,0.88,3.4949731249944307
3,AmplitudeEmbedding,79,0.35201681846553484,0.3498026671321274,0.8533333333333334,0.88,3.5320284079643898
3,AmplitudeEmbedding,80,0.3520164493137726,0.3497548189998977,0.8533333333333334,0.88,3.568282503983937
3,AmplitudeEmbedding,81,0.3520145518248971,0.3499792838140427,0.8533333333333334,0.88,3.6058026169775985
3,AmplitudeEmbedding,82,0.3520122573074382,0.3503756205167554,0.8533333333333334,0.88,3.6420189019991085
3,AmplitudeEmbedding,83,0.35200933937126755,0.3507888343888982,0.8533333333333334,0.88,3.6794358359766193
3,AmplitudeEmbedding,84,0.35200664530836195,0.3510835138030526,0.8533333333333334,0.88,3.716177093971055
3,AmplitudeEmbedding,85,0.35200422726476244,0.35118628259693385,0.8533333333333334,0.88,3.75594701198861
3,AmplitudeEmbedding,86,0.3519996766476299,0.35109665120261596,0.8533333333333334,0.88,3.794667401991319
3,AmplitudeEmbedding,87,0.3519925768134712,0.35087865849860095,0.8533333333333334,0.88,3.8322776689892635
3,AmplitudeEmbedding,88,0.3519864749145791,0.3506308574593591,0.8533333333333334,0.88,3.8687815130106173
3,AmplitudeEmbedding,89,0.3519834786852914,0.3504422217976302,0.8533333333333334,0.88,3.905273836979177
3,AmplitudeEmbedding,90,0.3519809291056158,0.35036308855708,0.8533333333333334,0.88,3.940638071973808
3,AmplitudeEmbedding,91,0.3519762107354043,0.350405352972016,0.8533333333333334,0.88,3.978089558018837
3,AmplitudeEmbedding,92,0.35197102276396086,0.3505513023456123,0.8533333333333334,0.88,4.0164166539907455
3,AmplitudeEmbedding,93,0.3519679716029964,0.3507535458065043,0.8533333333333334,0.88,4.0534858939936385
3,AmplitudeEmbedding,94,0.35196657837997974,0.3509402170919481,0.8533333333333334,0.88,4.091007885988802
3,AmplitudeEmbedding,95,0.3519651220958163,0.351040431377442,0.8533333333333334,0.88,4.128029068000615
3,AmplitudeEmbedding,96,0.35196355355443604,0.35101667395282177,0.8533333333333334,0.88,4.164911628991831
3,AmplitudeEmbedding,97,0.3519626260821312,0.3508818087312078,0.8533333333333334,0.88,4.201519583002664
3,AmplitudeEmbedding,98,0.35196228292750353,0.35069445340067307,0.8533333333333334,0.88,4.239820635004435
3,AmplitudeEmbedding,99,0.35196226222500726,0.350536318050069,0.8533333333333334,0.88,4.281440485967323
3,AmplitudeEmbedding,100,0.35196252895852265,0.3504758333402813,0.8533333333333334,0.88,4.318271694006398
4,AngleEmbedding,0,1.4903398143316815,1.5214840610328337,0.48333333333333334,0.54,0.03390829695854336
4,AngleEmbedding,1,1.4301073671663036,1.3625475863445191,0.4533333333333333,0.51,0.08151750499382615
4,AngleEmbedding,2,1.4064140563152363,1.3095711251306172,0.42333333333333334,0.48,0.13105293695116416
4,AngleEmbedding,3,1.3604941294270612,1.2466593312808814,0.39666666666666667,0.47,0.17610817594686523
4,AngleEmbedding,4,1.293050877356625,1.1739805726281096,0.3933333333333333,0.46,0.2166516239522025
4,AngleEmbedding,5,1.213067788033195,1.1008551585066915,0.39,0.45,0.2582868189783767
4,AngleEmbedding,6,1.129187956734904,1.0288228842653664,0.38,0.45,0.30152266495861113
4,AngleEmbedding,7,1.0462398467930927,0.9591576096452964,0.38333333333333336,0.45,0.3429011299740523
4,AngleEmbedding,8,0.9659813158934583,0.8924684100256971,0.39,0.46,0.3845853389939293
4,AngleEmbedding,9,0.8899566960633756,0.8292991073812247,0.43,0.46,0.4295955319539644
4,AngleEmbedding,10,0.8205700948025832,0.7707848421544921,0.4866666666666667,0.53,0.4725323259481229
4,AngleEmbedding,11,0.7598336350798763,0.7181649342093824,0.5566666666666666,0.66,0.5180410769535229
4,AngleEmbedding,12,0.7079267497392608,0.6718561830293998,0.6133333333333333,0.71,0.5724057779880241
4,AngleEmbedding,13,0.6631356842224815,0.6311118934794525,0.6633333333333333,0.73,0.6337543749832548
4,AngleEmbedding,14,0.6234244520767273,0.5948812269495352,0.6866666666666666,0.73,0.6819732729927637
4,AngleEmbedding,15,0.5876350638969412,0.5626047999728141,0.6966666666666667,0.72,0.7264829269843176
4,AngleEmbedding,16,0.5552980506922658,0.5340592814201177,0.71,0.7,0.7685834059957415
4,AngleEmbedding,17,0.5259912807104308,0.5088866440805129,0.7133333333333334,0.7,0.8159003269975074
4,AngleEmbedding,18,0.4990053974083632,0.4863649386923695,0.72,0.73,0.8624889319762588
4,AngleEmbedding,19,0.47344841067522764,0.46552534960821906,0.7333333333333333,0.74,0.9063606549752876
4,AngleEmbedding,20,0.44859574856313494,0.4454973646271678,0.7666666666666667,0.77,0.9509363619727083
4,AngleEmbedding,21,0.424248500673866,0.42590341151000816,0.79,0.8,0.9947954449453391
4,AngleEmbedding,22,0.40093838192705805,0.4071398364254527,0.8333333333333334,0.82,1.038379207951948
4,AngleEmbedding,23,0.3798938297067691,0.39041579319614234,0.8466666666666667,0.84,1.0817014279891737
4,AngleEmbedding,24,0.36275176855322294,0.3774591178188053,0.8666666666666667,0.84,1.1262982679763809
4,AngleEmbedding,25,0.3509837279738581,0.369806610529766,0.8666666666666667,0.87,1.171888914948795
4,AngleEmbedding,26,0.3450091470851018,0.3677453890006397,0.8766666666666667,0.87,1.2114449829678051
4,AngleEmbedding,27,0.3434869782831195,0.369595775796277,0.86,0.86,1.2546477239811793
4,AngleEmbedding,28,0.34374054187365516,0.37239369507066683,0.8633333333333333,0.86,1.2993067359784618
4,AngleEmbedding,29,0.34317802689338495,0.37356041743815277,0.8633333333333333,0.85,1.344093831954524
4,AngleEmbedding,30,0.3404116553049409,0.37190718202740614,0.8666666666666667,0.85,1.3864530579885468
4,AngleEmbedding,31,0.33549497089454844,0.36762376405054825,0.8666666666666667,0.86,1.4284336159471422
4,AngleEmbedding,32,0.32953995051779655,0.36183298531428676,0.8733333333333333,0.86,1.4694160179933533
4,AngleEmbedding,33,0.32407608489607026,0.35604863488756655,0.8666666666666667,0.87,1.5169329170021228
4,AngleEmbedding,34,0.32038318444891495,0.3516260675058461,0.86,0.86,1.5594139789463952
4,AngleEmbedding,35,0.31895413334073547,0.34926101685492134,0.8633333333333333,0.85,1.6037071669707075
4,AngleEmbedding,36,0.319287278936881,0.34872492549638623,0.8633333333333333,0.84,1.6487008039839566
4,AngleEmbedding,37,0.32018922717194437,0.34908075981670517,0.87,0.84,1.6945640719495714
4,AngleEmbedding,38,0.3204620493164424,0.34931509368421104,0.87,0.84,1.7368128859670833
4,AngleEmbedding,39,0.31951115135215585,0.3489326494835442,0.87,0.84,1.776093089953065
4,AngleEmbedding,40,0.3175149571269447,0.3481287318659853,0.8666666666666667,0.83,1.8168022319441661
4,AngleEmbedding,41,0.3151735482524634,0.34753744640616063,0.86,0.83,1.85978806798812
4,AngleEmbedding,42,0.3132614225661496,0.3477786149537313,0.8633333333333333,0.85,1.901908840984106
4,AngleEmbedding,43,0.31222344550959624,0.3490519738477319,0.8633333333333333,0.85,1.9436848589684814
4,AngleEmbedding,44,0.3120005382379987,0.35098524346370197,0.8666666666666667,0.85,1.9891371569829062
4,AngleEmbedding,45,0.3121553439845948,0.3528227016850389,0.8666666666666667,0.86,2.0345156209659763
4,AngleEmbedding,46,0.31218740516042537,0.35382946103490814,0.8633333333333333,0.86,2.094778607948683
4,AngleEmbedding,47,0.31181609242431135,0.3536427927957269,0.8633333333333333,0.86,2.1467821879778057
4,AngleEmbedding,48,0.3110792934407033,0.35238270126702337,0.86,0.85,2.1916360199684277
4,AngleEmbedding,49,0.31024797829168865,0.35052997058368496,0.86,0.85,2.240837837976869
4,AngleEmbedding,50,0.309643806920671,0.34868770192848253,0.86,0.85,2.2801627799635753
4,AngleEmbedding,51,0.30945831753881037,0.3473429954665269,0.8633333333333333,0.85,2.313880032976158
4,AngleEmbedding,52,0.3096569045423696,0.34671920369048,0.8633333333333333,0.85,2.3492590979440138
4,AngleEmbedding,53,0.3100145160816227,0.34677263309737677,0.8633333333333333,0.85,2.384792277996894
4,AngleEmbedding,54,0.31025954349242774,0.3473179088395846,0.8633333333333333,0.83,2.421901015972253
4,AngleEmbedding,55,0.31023181802937244,0.3481893142431065,0.8633333333333333,0.83,2.4589234839659184
4,AngleEmbedding,56,0.30995565547915477,0.3493302168156675,0.8633333333333333,0.85,2.49466379894875
4,AngleEmbedding,57,0.30959628635290287,0.35076692683439525,0.86,0.85,2.5386033629765734
4,AngleEmbedding,58,0.30934374914082025,0.3525062604345741,0.8566666666666667,0.85,2.575942645955365
4,AngleEmbedding,59,0.30930037528126453,0.35443763945801676,0.8566666666666667,0.85,2.6208873819559813
4,AngleEmbedding,60,0.3094332921375203,0.3563090640048485,0.8533333333333334,0.85,2.6565821259864606
4,AngleEmbedding,61,0.3096102897770125,0.3577973930623523,0.8533333333333334,0.84,2.7060803569620475
4,AngleEmbedding,62,0.3096883652673955,0.35863367361653664,0.8533333333333334,0.84,2.750185729993973
4,AngleEmbedding,63,0.30959645025496413,0.3587104321994097,0.8533333333333334,0.84,2.7893073589657433
4,AngleEmbedding,64,0.30936496522832013,0.35811378199788224,0.8533333333333334,0.84,2.8241911659715697
4,AngleEmbedding,65,0.30909366379924064,0.3570729705775884,0.8533333333333334,0.85,2.8669333049911074
4,AngleEmbedding,66,0.30888584743548353,0.3558643161254756,0.8533333333333334,0.85,2.9043109829653986
4,AngleEmbedding,67,0.308791010442911,0.35472128657407276,0.8533333333333334,0.85,2.949758014001418
4,AngleEmbedding,68,0.30878729287357487,0.3537885792150364,0.8533333333333334,0.85,2.992008649976924
4,AngleEmbedding,69,0.3088085436799694,0.3531280889354448,0.8533333333333334,0.85,3.0323946269927546
4,AngleEmbedding,70,0.3087933302512012,0.35275516899748666,0.8566666666666667,0.85,3.074510353966616
4,AngleEmbedding,71,0.3087219696618356,0.35267119567822924,0.8566666666666667,0.85,3.1156398009625264
4,AngleEmbedding,72,0.30861995055056024,0.352869892449872,0.8566666666666667,0.85,3.15742035896983
4,AngleEmbedding,73,0.3085314103718373,0.35331983053099714,0.8566666666666667,0.85,3.1980111329467036
4,AngleEmbedding,74,0.3084852654436485,0.353944732003017,0.8566666666666667,0.85,3.2353955889702775
4,AngleEmbedding,75,0.3084775102270493,0.35462418746755275,0.8533333333333334,0.85,3.273896419967059
4,AngleEmbedding,76,0.3084787015156756,0.35522189334287985,0.8533333333333334,0.85,3.308025653997902
4,AngleEmbedding,77,0.30845758542119833,0.35562869575708544,0.8533333333333334,0.85,3.3436784200021066
4,AngleEmbedding,78,0.3084024375571876,0.3557972799928838,0.8533333333333334,0.85,3.3786363389808685
4,AngleEmbedding,79,0.30832594976104394,0.3557505583499882,0.8533333333333334,0.85,3.4154316319618374
4,AngleEmbedding,80,0.308252679269432,0.35556191386031555,0.8533333333333334,0.85,3.450203711981885
4,AngleEmbedding,81,0.30820012540583236,0.3553209604244888,0.8533333333333334,0.85,3.4854320579906926
4,AngleEmbedding,82,0.3081674822420791,0.35510367340494986,0.8533333333333334,0.85,3.530511475983076
4,AngleEmbedding,83,0.30813904109797624,0.35495878267765796,0.8566666666666667,0.85,3.5826247689547017
4,AngleEmbedding,84,0.3080979561319912,0.35490955700154747,0.8566666666666667,0.85,3.624761449988
4,AngleEmbedding,85,0.30803906288232874,0.3549611175996924,0.8533333333333334,0.85,3.666858157957904
4,AngleEmbedding,86,0.3079714540424097,0.3551039007280117,0.8533333333333334,0.85,3.718039063969627
4,AngleEmbedding,87,0.3079101829114465,0.35531169806448787,0.8533333333333334,0.85,3.769274575985037
4,AngleEmbedding,88,0.30786456259668254,0.35554032356408066,0.8533333333333334,0.85,3.8171274949563667
4,AngleEmbedding,89,0.30783209718037324,0.3557340258472925,0.8533333333333334,0.85,3.8594799749553204
4,AngleEmbedding,90,0.3078017735587322,0.3558409011062753,0.8533333333333334,0.85,3.900463256984949
4,AngleEmbedding,91,0.30776305604950255,0.35583096089963107,0.8533333333333334,0.85,3.938055591948796
4,AngleEmbedding,92,0.3077132052091545,0.3557073345116671,0.8533333333333334,0.85,3.9790570279583335
4,AngleEmbedding,93,0.30765778251617787,0.35550460976137066,0.8533333333333334,0.85,4.015883763961028
4,AngleEmbedding,94,0.30760496319739666,0.35527564975338644,0.8533333333333334,0.85,4.049738272966351
4,AngleEmbedding,95,0.3075588228871363,0.35507409148377556,0.8533333333333334,0.85,4.087754039966967
4,AngleEmbedding,96,0.3075168385366665,0.35494049880519024,0.8533333333333334,0.85,4.123678475967608
4,AngleEmbedding,97,0.3074729019917752,0.3548961069017755,0.8533333333333334,0.85,4.160492206981871
4,AngleEmbedding,98,0.30742267183612243,0.3549428743479157,0.8533333333333334,0.85,4.211063621973153
4,AngleEmbedding,99,0.307366684060438,0.35506610766107555,0.8533333333333334,0.85,4.252920331957284
4,AngleEmbedding,100,0.30730909387799643,0.35523738106041136,0.8533333333333334,0.85,4.2919977469719015
4,BasisEmbedding,0,5.2762718161115645,5.454277185453687,0.34,0.32,0.05703583004651591
4,BasisEmbedding,1,3.4408217623560238,3.554667828502261,0.34,0.32,0.16824399400502443
4,BasisEmbedding,2,2.7952874824284857,2.885160810421146,0.34,0.32,0.28164163004839793
4,BasisEmbedding,3,2.4087074970602376,2.4856441614584823,0.34,0.32,0.3907908970140852
4,BasisEmbedding,4,2.1390760375473543,2.2075951032246173,0.34,0.32,0.5096951230079867
4,BasisEmbedding,5,1.9328915309709778,1.9944795814080587,0.34,0.32,0.6272120320354588
4,BasisEmbedding,6,1.766824005952519,1.8227213493754717,0.34,0.32,0.9216997460462153
4,BasisEmbedding,7,1.6303004454572199,1.6819614625038901,0.34,0.32,1.0388648600201122
4,BasisEmbedding,8,1.517003022921174,1.5658512175440145,0.34,0.32,1.1452959000016563
4,BasisEmbedding,9,1.421834826496939,1.4689068914163883,0.34,0.32,1.2590062250383198
4,BasisEmbedding,10,1.3402809736850607,1.3858555403762503,0.34,0.32,1.3763136350316927
4,BasisEmbedding,11,1.2690406391873663,1.3126139297482937,0.34,0.32,1.4894524960545823
4,BasisEmbedding,12,1.2061954093310585,1.2469084204608096,0.34,0.32,1.5939167660544626
4,BasisEmbedding,13,1.1506497680032517,1.1877377918419407,0.34,0.32,1.695449254999403
4,BasisEmbedding,14,1.101508770973615,1.1345316921286759,0.34,0.32,1.798806386999786
4,BasisEmbedding,15,1.0577499821793257,1.0866670843408837,0.34,0.32,1.9013495510444045
4,BasisEmbedding,16,1.0182977795691135,1.0434582878472902,0.34,0.32,2.018940336012747
4,BasisEmbedding,17,0.9823149477535498,1.0043891603809716,0.34,0.32,2.1414598910487257
4,BasisEmbedding,18,0.9493352233761385,0.9691949758862833,0.34,0.32,2.2335139560163952
4,BasisEmbedding,19,0.9191441286101348,0.9377107813102731,0.34,0.32,2.347726804029662
4,BasisEmbedding,20,0.891577527640322,0.9096868804590931,0.34,0.32,2.4657642410020344
4,BasisEmbedding,21,0.8663851066491421,0.8847107641863502,0.34,0.32,2.6012704230379313
4,BasisEmbedding,22,0.8432318523174325,0.8622630734810766,0.34,0.32,2.7015460730181076
4,BasisEmbedding,23,0.821808881362423,0.841853346180672,0.34,0.32,2.808126225019805
4,BasisEmbedding,24,0.8019275207259854,0.8231145293342597,0.34,0.32,2.913852929021232
4,BasisEmbedding,25,0.7835075363044236,0.8057872713879233,0.34,0.32,3.0220889350166544
4,BasisEmbedding,26,0.7664912203782895,0.7896436033073801,0.34,0.32,3.1253322000266053
4,BasisEmbedding,27,0.7507667743732249,0.7744345040097959,0.34,0.32,3.232229352055583
4,BasisEmbedding,28,0.7361543271352512,0.7598994004990446,0.34,0.32,3.345082750020083
4,BasisEmbedding,29,0.7224550462733479,0.7458254988658126,0.34,0.32,3.4545265560154803
4,BasisEmbedding,30,0.7095192415915326,0.7321155671156458,0.34,0.32,3.562396952009294
4,BasisEmbedding,31,0.6972777979382615,0.7188150868066658,0.34,0.32,3.6658674270147458
4,BasisEmbedding,32,0.685716559417324,0.7060762643945246,0.34,0.32,3.768150713003706
4,BasisEmbedding,33,0.6748217337924749,0.6940789697392803,0.34,0.32,3.9385813570115715
4,BasisEmbedding,34,0.664542398894939,0.6829512411582879,0.6,0.57,4.041064292017836
4,BasisEmbedding,35,0.6547966542858021,0.6727263620179379,0.6,0.57,4.159675831033383
4,BasisEmbedding,36,0.6455097677578338,0.6633469889270017,0.6,0.57,4.278713208041154
4,BasisEmbedding,37,0.636646894883948,0.6546954332308388,0.6,0.57,4.3906634950544685
4,BasisEmbedding,38,0.6282125940390434,0.6466212075993722,0.8333333333333334,0.83,4.49572867504321
4,BasisEmbedding,39,0.6202219757227306,0.6389583430400566,0.8333333333333334,0.83,4.605582194053568
4,BasisEmbedding,40,0.6126705281026052,0.6315451988387956,0.8333333333333334,0.83,4.725028066022787
4,BasisEmbedding,41,0.6055251422298085,0.6242543875379583,0.8333333333333334,0.83,4.834121598047204
4,BasisEmbedding,42,0.5987380276545377,0.6170222191275154,0.8333333333333334,0.83,4.948406798008364
4,BasisEmbedding,43,0.5922683589076715,0.6098613911895572,0.8333333333333334,0.83,5.067420699051581
4,BasisEmbedding,44,0.5860946823878503,0.6028507040773233,0.8333333333333334,0.83,5.177755186043214
4,BasisEmbedding,45,0.5802110999083918,0.5961065927814978,0.8333333333333334,0.83,5.292869110999163
4,BasisEmbedding,46,0.5746128431311726,0.5897465282020624,0.8333333333333334,0.83,5.406693934055511
4,BasisEmbedding,47,0.5692838596740788,0.5838560793770572,0.8333333333333334,0.83,5.5236574850277975
4,BasisEmbedding,48,0.564196131490371,0.5784699183214899,0.8333333333333334,0.83,5.638408191036433
4,BasisEmbedding,49,0.5593200556849955,0.5735705795249967,0.8333333333333334,0.83,5.7484709590207785
4,BasisEmbedding,50,0.5546361209771243,0.5690997449720278,0.8333333333333334,0.83,5.859253425034694
4,BasisEmbedding,51,0.5501381747035529,0.5649725867914852,0.8333333333333334,0.83,5.9670715250540525
4,BasisEmbedding,52,0.5458268181326917,0.56109007696187,0.8333333333333334,0.83,6.079477905004751
4,BasisEmbedding,53,0.5416997017132884,0.5573513361630447,0.8333333333333334,0.83,6.1973863990278915
4,BasisEmbedding,54,0.5377468890615145,0.5536695328433626,0.8333333333333334,0.83,6.321375034051016
4,BasisEmbedding,55,0.5339539839865843,0.5499895814993895,0.8333333333333334,0.83,6.434174469031859
4,BasisEmbedding,56,0.5303089293617567,0.5463006390866235,0.8333333333333334,0.83,6.574468334030826
4,BasisEmbedding,57,0.5268060753765846,0.542636814455578,0.8333333333333334,0.83,6.733427329047117
4,BasisEmbedding,58,0.5234444447007685,0.5390645626726329,0.8333333333333334,0.83,6.866452927002683
4,BasisEmbedding,59,0.5202225074050302,0.5356607276798456,0.8333333333333334,0.83,7.191431753046345
4,BasisEmbedding,60,0.5171345127587289,0.5324885022484213,0.8333333333333334,0.83,7.323066415032372
4,BasisEmbedding,61,0.5141713893719314,0.5295787843007919,0.8333333333333334,0.83,7.440950539021287
4,BasisEmbedding,62,0.5113246070692149,0.526921628791682,0.8333333333333334,0.83,7.555509462021291
4,BasisEmbedding,63,0.5085888605925801,0.5244686649040715,0.8333333333333334,0.83,7.670793059049174
4,BasisEmbedding,64,0.5059613288210358,0.5221451280611777,0.8333333333333334,0.83,7.787087163014803
4,BasisEmbedding,65,0.5034390721696832,0.5198694022586583,0.8333333333333334,0.83,7.898337712045759
4,BasisEmbedding,66,0.5010176131763103,0.51757597278243,0.8333333333333334,0.83,8.023783886048477
4,BasisEmbedding,67,0.4986917569108174,0.5152344514345849,0.8333333333333334,0.83,8.14323730202159
4,BasisEmbedding,68,0.49645708207736294,0.5128570329016728,0.8333333333333334,0.83,8.253815515025053
4,BasisEmbedding,69,0.494310273259808,0.5104915309939337,0.8333333333333334,0.83,8.379849554039538
4,BasisEmbedding,70,0.4922482563478012,0.5082034794352042,0.8333333333333334,0.83,8.50448556302581
4,BasisEmbedding,71,0.49026746460423243,0.5060543131614712,0.8333333333333334,0.83,8.617331581015605
4,BasisEmbedding,72,0.4883641175985036,0.5040826588978359,0.8333333333333334,0.83,8.731154945038725
4,BasisEmbedding,73,0.48653499169000336,0.502293694279038,0.8333333333333334,0.83,8.86534090101486
4,BasisEmbedding,74,0.4847775741087069,0.500658778786033,0.8333333333333334,0.83,8.98234519700054
4,BasisEmbedding,75,0.48308936577907946,0.4991250574763628,0.8333333333333334,0.83,9.118232358014211
4,BasisEmbedding,76,0.4814672529581256,0.4976325146548843,0.8333333333333334,0.83,9.23010605503805
4,BasisEmbedding,77,0.47990781735273286,0.49613346230885946,0.8333333333333334,0.83,9.377543133043218
4,BasisEmbedding,78,0.4784082546335166,0.49460752249773093,0.8333333333333334,0.83,9.492638403025921
4,BasisEmbedding,79,0.47696676097363744,0.4930661749956248,0.8333333333333334,0.83,9.618433612049557
4,BasisEmbedding,80,0.47558188669473317,0.4915455070012137,0.8333333333333334,0.83,9.736988185031805
4,BasisEmbedding,81,0.47425161968613605,0.49009102833778717,0.8333333333333334,0.83,9.86460489203455
4,BasisEmbedding,82,0.4729732553345798,0.4887409577646363,0.8333333333333334,0.83,10.003790250048041
4,BasisEmbedding,83,0.47174413281206473,0.4875136369579344,0.8333333333333334,0.83,10.145046668010764
4,BasisEmbedding,84,0.4705623113921012,0.4864022844797338,0.8333333333333334,0.83,10.257771427044645
4,BasisEmbedding,85,0.46942640218692977,0.4853778640661781,0.8333333333333334,0.83,10.372926481999457
4,BasisEmbedding,86,0.4683348084565567,0.48439898522119074,0.8333333333333334,0.83,10.681198493053671
4,BasisEmbedding,87,0.4672852840792591,0.48342598552706306,0.8333333333333334,0.83,10.803610511007719
4,BasisEmbedding,88,0.4662752519598638,0.4824344660721017,0.8333333333333334,0.83,10.934916616999544
4,BasisEmbedding,89,0.46530237569253435,0.481422859774684,0.8333333333333334,0.83,11.052858109003864
4,BasisEmbedding,90,0.4643646440110179,0.4804106825432761,0.8333333333333334,0.83,11.161091148038395
4,BasisEmbedding,91,0.46345992653528345,0.47942837105857783,0.8333333333333334,0.83,11.275051256001461
4,BasisEmbedding,92,0.462585596973298,0.4785033859139252,0.8333333333333334,0.83,11.389796364004724
4,BasisEmbedding,93,0.46173859209962986,0.4776483981526289,0.8333333333333334,0.83,11.504049801034853
4,BasisEmbedding,94,0.46091561382396834,0.4768558375479061,0.8333333333333334,0.83,11.61385867500212
4,BasisEmbedding,95,0.46011303171544427,0.4761002511165433,0.8333333333333334,0.83,11.725180074048694
4,BasisEmbedding,96,0.4593265236751199,0.47534711962434917,0.8333333333333334,0.83,11.84878555801697
4,BasisEmbedding,97,0.4585508487012594,0.4745645554864776,0.8333333333333334,0.83,11.978183034050744
4,BasisEmbedding,98,0.45777990911882,0.4737330546156591,0.8333333333333334,0.83,12.096073984052055
4,BasisEmbedding,99,0.45700687318323124,0.4728490522200183,0.8333333333333334,0.83,12.210926128027495
4,BasisEmbedding,100,0.4562242228713397,0.4719208468004532,0.8333333333333334,0.83,12.343736915034242
4,AmplitudeEmbedding,0,0.7816800543477804,0.8140260121987868,0.5333333333333333,0.53,0.030153979954775423
4,AmplitudeEmbedding,1,0.7302043222549961,0.7714846667300844,0.5366666666666666,0.52,0.07382544595748186
4,AmplitudeEmbedding,2,0.6870523958610211,0.729764693420356,0.5533333333333333,0.51,0.11870095698395744
4,AmplitudeEmbedding,3,0.6419812957835767,0.6787086356702057,0.5833333333333334,0.53,0.17684026999631897
4,AmplitudeEmbedding,4,0.6074781049674478,0.6393909314194645,0.64,0.57,0.2321985749877058
4,AmplitudeEmbedding,5,0.5796289166049639,0.6107405779410664,0.73,0.69,0.29305460897739977
4,AmplitudeEmbedding,6,0.5553601126673565,0.5889770118578495,0.78,0.73,0.334675555001013
4,AmplitudeEmbedding,7,0.5316599194320457,0.5699075688272118,0.78,0.75,0.37269492296036333
4,AmplitudeEmbedding,8,0.5083541481510724,0.5521171544421997,0.8033333333333333,0.76,0.4184136539697647
4,AmplitudeEmbedding,9,0.48679060891771864,0.5357341481771222,0.8366666666666667,0.75,0.45294204296078533
4,AmplitudeEmbedding,10,0.4684456065289387,0.5216485001251372,0.86,0.76,0.49364327295916155
4,AmplitudeEmbedding,11,0.4537261053265045,0.5101776003252128,0.86,0.78,0.55648307595402
4,AmplitudeEmbedding,12,0.4417757329487507,0.5005377989192743,0.86,0.79,0.607002176984679
4,AmplitudeEmbedding,13,0.4310039552051924,0.4918647492256765,0.86,0.8,0.6447573810000904
4,AmplitudeEmbedding,14,0.4200643804082222,0.4837335305145169,0.8566666666666667,0.8,0.6906094249570742
4,AmplitudeEmbedding,15,0.40930459413096815,0.4764854366174318,0.8533333333333334,0.8,0.7387441289611161
4,AmplitudeEmbedding,16,0.3994255224420506,0.47029832170695407,0.8566666666666667,0.79,0.796988888992928
4,AmplitudeEmbedding,17,0.3906735234593708,0.4651597635190119,0.8566666666666667,0.79,0.8356875949539244
4,AmplitudeEmbedding,18,0.383270991146801,0.46156266938140683,0.8566666666666667,0.79,0.8756483749602921
4,AmplitudeEmbedding,19,0.376913949159754,0.45955026661561815,0.85,0.8,0.914754394965712
4,AmplitudeEmbedding,20,0.37092927452154234,0.45840554320225146,0.8466666666666667,0.79,0.9549071099609137
4,AmplitudeEmbedding,21,0.3650810916381485,0.45741045608155645,0.8433333333333334,0.81,0.9956691249972209
4,AmplitudeEmbedding,22,0.35944087257730767,0.45613276447669615,0.85,0.8,1.0454276819946244
4,AmplitudeEmbedding,23,0.3542028023173437,0.45445994190563915,0.8533333333333334,0.8,1.0940287470002659
4,AmplitudeEmbedding,24,0.3497233326515906,0.4524969421154051,0.8466666666666667,0.8,1.134656812006142
4,AmplitudeEmbedding,25,0.34634880640675336,0.4502950223064737,0.8466666666666667,0.8,1.1765952889691107
4,AmplitudeEmbedding,26,0.3441538121376574,0.447774672237853,0.8433333333333334,0.81,1.2185491579584777
4,AmplitudeEmbedding,27,0.3428493237619845,0.44496318811284724,0.85,0.81,1.2598811640054919
4,AmplitudeEmbedding,28,0.3420333241812735,0.4420148137695563,0.8533333333333334,0.81,1.2985002069617622
4,AmplitudeEmbedding,29,0.3415042686828145,0.4390317841461232,0.8533333333333334,0.81,1.3319781989557669
4,AmplitudeEmbedding,30,0.3411911321642229,0.43620860295965863,0.8533333333333334,0.81,1.3665439109900035
4,AmplitudeEmbedding,31,0.34099393560395175,0.43389321758469185,0.86,0.81,1.3978441609651782
4,AmplitudeEmbedding,32,0.3408620218042045,0.43228242387228044,0.87,0.81,1.4406102540087886
4,AmplitudeEmbedding,33,0.3408294155013256,0.4312626659710169,0.8666666666666667,0.81,1.4826439369935542
4,AmplitudeEmbedding,34,0.34088543442057184,0.43066994122054725,0.87,0.81,1.5267066769883968
4,AmplitudeEmbedding,35,0.3409389685580915,0.4305098871221784,0.8633333333333333,0.82,1.5805731029831804
4,AmplitudeEmbedding,36,0.34092207004413466,0.4308054100125968,0.8633333333333333,0.82,1.625721693970263
4,AmplitudeEmbedding,37,0.34083195101067426,0.43145247836818507,0.8633333333333333,0.82,1.6698881939519197
4,AmplitudeEmbedding,38,0.34068008004647776,0.43229114991632583,0.8666666666666667,0.82,1.7149081579991616
4,AmplitudeEmbedding,39,0.3404764336857871,0.43320055957823134,0.8633333333333333,0.82,1.7569831669679843
4,AmplitudeEmbedding,40,0.3402541481274736,0.4340854425120267,0.8666666666666667,0.81,1.8016967969597317
4,AmplitudeEmbedding,41,0.3400570213829211,0.43484080177294215,0.8633333333333333,0.81,1.8447132330038585
4,AmplitudeEmbedding,42,0.3399016656251298,0.43537087187139223,0.8633333333333333,0.81,1.8901743220048957
4,AmplitudeEmbedding,43,0.3397747332376115,0.4356044411112998,0.86,0.81,1.9313999399892054
4,AmplitudeEmbedding,44,0.33965371508253384,0.4355090704169817,0.86,0.81,1.9735385130043142
4,AmplitudeEmbedding,45,0.339507016690329,0.4351671638177158,0.86,0.81,2.012893016973976
4,AmplitudeEmbedding,46,0.3392985481130638,0.4347939764079821,0.86,0.81,2.074928589980118
4,AmplitudeEmbedding,47,0.33902213476252097,0.434585312177277,0.86,0.81,2.135230351006612
4,AmplitudeEmbedding,48,0.33871294460401596,0.43459129281136943,0.8633333333333333,0.81,2.1990640509757213
4,AmplitudeEmbedding,49,0.33841682235275056,0.43477894090547586,0.8633333333333333,0.82,2.2455453840084374
4,AmplitudeEmbedding,50,0.3381704452302522,0.43507021816475266,0.8666666666666667,0.82,2.296577680972405
4,AmplitudeEmbedding,51,0.337996480929314,0.4352080750107752,0.8733333333333333,0.82,2.3443250299897045
4,AmplitudeEmbedding,52,0.3378870379295326,0.4348140212880123,0.87,0.82,2.3920362189528532
4,AmplitudeEmbedding,53,0.33780118985745566,0.43370789093159523,0.87,0.82,2.433788441994693
4,AmplitudeEmbedding,54,0.33769670712639055,0.43197468070828393,0.87,0.83,2.4759060639771633
4,AmplitudeEmbedding,55,0.3375621104080269,0.42983919829184136,0.87,0.83,2.515934564988129
4,AmplitudeEmbedding,56,0.3374188174214939,0.42761559677663286,0.87,0.83,2.564950454980135
4,AmplitudeEmbedding,57,0.3373032373054761,0.42560812230184636,0.8766666666666667,0.82,2.615638446994126
4,AmplitudeEmbedding,58,0.3372449623592286,0.4240149364295742,0.8766666666666667,0.82,2.6541579259792343
4,AmplitudeEmbedding,59,0.33724511866023343,0.4229173309787461,0.8766666666666667,0.82,2.6932793869636953
4,AmplitudeEmbedding,60,0.337272353953849,0.4222915043033686,0.8766666666666667,0.82,2.9075968099641614
4,AmplitudeEmbedding,61,0.3372895194216911,0.42203346990506324,0.8766666666666667,0.82,2.949124362959992
4,AmplitudeEmbedding,62,0.3372792579003009,0.4220180079679116,0.8766666666666667,0.82,2.9936428969958797
4,AmplitudeEmbedding,63,0.33724521072080393,0.42214553901367535,0.8766666666666667,0.82,3.048773087968584
4,AmplitudeEmbedding,64,0.3372047639864014,0.4223422439363088,0.8766666666666667,0.82,3.1055435589514673
4,AmplitudeEmbedding,65,0.33717482485373884,0.42254736358852263,0.8766666666666667,0.82,3.1536154419882223
4,AmplitudeEmbedding,66,0.3371552384524252,0.4227139385362755,0.8766666666666667,0.82,3.1974348569638096
4,AmplitudeEmbedding,67,0.3371329911027996,0.4228059465401681,0.8766666666666667,0.83,3.2391813309513964
4,AmplitudeEmbedding,68,0.337098311972211,0.42280184749066413,0.8766666666666667,0.83,3.277213416993618
4,AmplitudeEmbedding,69,0.33704993208543244,0.42272338044708957,0.8733333333333333,0.83,3.3163068639696576
4,AmplitudeEmbedding,70,0.3369935342672395,0.4226472047189448,0.8733333333333333,0.83,3.3560495550045744
4,AmplitudeEmbedding,71,0.33693802835631126,0.42267423404696636,0.8766666666666667,0.82,3.39472822699463
4,AmplitudeEmbedding,72,0.3368875132643959,0.42289100781116695,0.8766666666666667,0.82,3.434305347967893
4,AmplitudeEmbedding,73,0.33684005356569574,0.42333945512475296,0.8766666666666667,0.82,3.4706660810043104
4,AmplitudeEmbedding,74,0.33679529755013077,0.4240009058662712,0.8766666666666667,0.82,3.508980687998701
4,AmplitudeEmbedding,75,0.3367565796940672,0.4248068527019962,0.8766666666666667,0.82,3.554559663985856
4,AmplitudeEmbedding,76,0.3367281391486251,0.4256613710536649,0.8766666666666667,0.82,3.601990737952292
4,AmplitudeEmbedding,77,0.33671273822436665,0.42646109107159413,0.8766666666666667,0.82,3.645043672993779
4,AmplitudeEmbedding,78,0.33670775956575655,0.42711792670245047,0.8766666666666667,0.82,3.6894319689599797
4,AmplitudeEmbedding,79,0.3367062709690305,0.42757072700852583,0.8766666666666667,0.82,3.732833372952882
4,AmplitudeEmbedding,80,0.3367037029741101,0.42778437674895764,0.8766666666666667,0.82,3.7707599949790165
4,AmplitudeEmbedding,81,0.33670020673499185,0.42776296610222675,0.8766666666666667,0.82,3.809275319974404
4,AmplitudeEmbedding,82,0.33669860124694884,0.4275630676081887,0.8766666666666667,0.82,3.8479416229529306
4,AmplitudeEmbedding,83,0.3367015617078478,0.4272795208385701,0.8766666666666667,0.82,3.8903909199871123
4,AmplitudeEmbedding,84,0.33670813080366213,0.427014183724207,0.8766666666666667,0.82,3.9309215109678917
4,AmplitudeEmbedding,85,0.3367140068838982,0.426841549336258,0.8766666666666667,0.82,3.967967292992398
4,AmplitudeEmbedding,86,0.3367158197967917,0.4267877351464117,0.8766666666666667,0.82,4.00675429799594
4,AmplitudeEmbedding,87,0.33671306588371414,0.42683686697804274,0.8766666666666667,0.82,4.045139452966396
4,AmplitudeEmbedding,88,0.336707599547803,0.426948974774946,0.8766666666666667,0.82,4.082581173977815
4,AmplitudeEmbedding,89,0.3367020278889739,0.42707479897718625,0.8766666666666667,0.82,4.118941954977345
4,AmplitudeEmbedding,90,0.33669727889509576,0.4271670911987036,0.8766666666666667,0.82,4.158571422973182
4,AmplitudeEmbedding,91,0.3366927438493635,0.42718558775892207,0.8766666666666667,0.82,4.198915694956668
4,AmplitudeEmbedding,92,0.3366880495386806,0.42710407880256795,0.8766666666666667,0.82,4.236274994967971
4,AmplitudeEmbedding,93,0.3366834822684987,0.42692333487782963,0.8766666666666667,0.82,4.274219238955993
4,AmplitudeEmbedding,94,0.33667982534640034,0.42667402613422034,0.8766666666666667,0.82,4.311796047957614
4,AmplitudeEmbedding,95,0.33667753114769067,0.42640408828483445,0.8766666666666667,0.82,4.3511602290091105
4,AmplitudeEmbedding,96,0.3366760689185359,0.42615849774190595,0.8766666666666667,0.82,4.391545600956306
4,AmplitudeEmbedding,97,0.33667490701090147,0.42596326374935933,0.8766666666666667,0.82,4.44038390298374
4,AmplitudeEmbedding,98,0.3366741271874153,0.42582401512388834,0.8766666666666667,0.82,4.485686204978265
4,AmplitudeEmbedding,99,0.33667412696464327,0.4257335731962837,0.8766666666666667,0.82,4.535154591954779
4,AmplitudeEmbedding,100,0.3366751302071323,0.42567842154804914,0.8766666666666667,0.82,4.584102702967357
